Postcode,In Use?,Latitude,Longitude,Easting,Northing,Grid Ref,County,District,Ward,District Code,Ward Code,Country,County Code,Introduced,Terminated,Parish,National Park,Population,Households,Built up area,Lower layer super output area,Rural/urban,Region,Altitude,London zone,LSOA Code,Local authority,MSOA Code,Middle layer super output area,Parish Code,Census output area,Index of Multiple Deprivation,Quality,User Type,Last updated,Nearest station,Distance to station,Postcode area,Postcode district,Police force,Water company,Plus Code,Average Income,Sewage Company,Travel To Work Area,ITL level 2,ITL level 3,UPRNs,Distance to sea,LSOA21 Code,Lower layer super output area 2021,MSOA21 Code,Middle layer super output area 2021,Census output area 2021,IMD decile,Constituency Code 2024,Constituency Name 2024,Property Type,Roads,Affluence Score
DD1 1DJ,Yes,56.462612,-2.969985,340327.0,730474.0,NO403304,,Dundee City,Maryfield,S12000042,S13002549,Scotland,S99999999,1980-01-01,,,,16.0,9.0,,City Centre - 05,Large urban area,Scotland,17.0,,S01007705,,S02001448,City Centre,,S00098441,1414,1,0,2024-12-20,Dundee,0.68449,DD,DD1,Scotland,Scottish Water,9C8VF27J+22,,,Dundee,Eastern Scotland,Angus and Dundee City,"9059012500,9059044292,9059054535,9059081490,9059083001,9059088954,9059088955,9059089128,9059089131,9059089132,9059089133,9059089134,9059089166,9059089233,9059089238,9059089256,9059089257,9059089258,9059089259,9059089260,9059089261,9059090639,9059098027,9059101306,9059101307,9059101308,9059101309,9059101310,9059106086,9059106087,9059107959,9059113093",0.978446,,,,,S00148458,3.0,S14000075,Dundee Central,,Panmure Street,0.7961968355349107
DD1 1EF,Yes,56.46404,-2.9713,340248.0,730634.0,NO402306,,Dundee City,Maryfield,S12000042,S13002549,Scotland,S99999999,1980-01-01,,,,22.0,13.0,,City Centre - 05,Large urban area,Scotland,22.0,,S01007705,,S02001448,City Centre,,S00098441,1414,1,0,2024-12-20,Dundee,0.839079,DD,DD1,Scotland,Scottish Water,9C8VF27H+JF,,,Dundee,Eastern Scotland,Angus and Dundee City,"9059032176,9059032177,9059032178,9059032179,9059032180,9059048575,9059048576,9059048577,9059057809,9059075012,9059075013,9059075014,9059087729,9059088951,9059088952,9059088957,9059088958,9059088961,9059088963,9059088964,9059098709,9059099061,9059099062,9059106794",1.15638,,,,,S00148458,3.0,S14000075,Dundee Central,,Panmure Street,0.7961968355349107
DD1 1EL,Yes,56.464092,-2.971496,340236.0,730640.0,NO402306,,Dundee City,Maryfield,S12000042,S13002549,Scotland,S99999999,1981-07-01,,,,33.0,21.0,,City Centre - 05,Large urban area,Scotland,23.0,,S01007705,,S02001448,City Centre,,S00098441,1414,1,0,2024-12-20,Dundee,0.845026,DD,DD1,Scotland,Scottish Water,9C8VF27H+JC,,,Dundee,Eastern Scotland,Angus and Dundee City,"9059024613,9059027421,9059027432,9059027844,9059027854,9059027865,9059027876,9059027887,9059027899,9059027910,9059027921,9059027932,9059027943,9059027954,9059027965,9059027976,9059027997,9059028007,9059028525,9059028536,9059028547,9059028557,9059039160,9059039162,9059074918,9059075905,9059075907,9059075913,9059094052,9059094053,9059099344,9059102240,10091940487",1.16539,,,,,S00148458,3.0,S14000075,Dundee Central,,A929,0.7961968355349107
DD1 1EQ,Yes,56.463492,-2.970166,340317.0,730572.0,NO403305,,Dundee City,Maryfield,S12000042,S13002549,Scotland,S99999999,1980-01-01,,,,33.0,17.0,,City Centre - 05,Large urban area,Scotland,18.0,,S01007705,,S02001448,City Centre,,S00098441,1414,1,0,2024-12-20,Dundee,0.780775,DD,DD1,Scotland,Scottish Water,9C8VF27H+9W,,,Dundee,Eastern Scotland,Angus and Dundee City,"9059055725,9059056219,9059056223,9059056225,9059056226,9059056272,9059056273,9059059976,9059059978,9059059979,9059059980,9059059981,9059059982,9059059983,9059059984,9059059985,9059059986,9059087446,9059087447,9059087448,9059087449,9059087450,9059090628,9059090632,9059090633,9059090634,9059090635,9059090636,9059090637,9059090638,9059094171,9059098404,9059102630,9059102631",1.07733,,,,,S00148458,3.0,S14000075,Dundee Central,,"Meadow Lane,Panmure Street",0.7961968355349107
DD1 1EX,Yes,56.462405,-2.97579,339969.0,730456.0,NO399304,,Dundee City,Maryfield,S12000042,S13002549,Scotland,S99999999,1980-01-01,,,,5.0,2.0,,City Centre - 05,Large urban area,Scotland,22.0,,S01007705,,S02001448,City Centre,,S00098440,1414,1,0,2024-12-20,Dundee,0.715114,DD,DD1,Scotland,Scottish Water,9C8VF26F+XM,,,Dundee,Eastern Scotland,Angus and Dundee City,"9059014893,9059041173,9059041174,9059075845,9059075848,9059075849,9059075850,9059075851,9059075852,9059075854,9059075858,9059075859,9059096703,9059097944,9059105299,9059105300,9059105301,9059105302,9059105303,9059105304,9059105305,9059105306,9059105307,9059105308,9059105309,9059105310,9059105311,9059107385,9059107386,9059107387,9059107388,9059107389,9059107390,9059107391,9059107392,9059107393",1.05524,,,,,S00148480,3.0,S14000075,Dundee Central,,"Bell Street,Nicoll Street,West Bell Street",0.7961968355349107
DD1 1HF,Yes,56.463579,-2.972655,340164.0,730584.0,NO401305,,Dundee City,Maryfield,S12000042,S13002549,Scotland,S99999999,1980-01-01,,,,47.0,23.0,,City Centre - 05,Large urban area,Scotland,22.0,,S01007705,,S02001448,City Centre,,S00098442,1414,1,0,2024-12-20,Dundee,0.792846,DD,DD1,Scotland,Scottish Water,9C8VF27G+CW,,,Dundee,Eastern Scotland,Angus and Dundee City,"9059004985,9059019073,9059019138,9059019139,9059019266,9059019267,9059019268,9059019269,9059020169,9059020170,9059020171,9059020172,9059020173,9059020174,9059020175,9059025006,9059025007,9059035435,9059035471,9059035491,9059049797,9059049799,9059049923,9059049925,9059049926,9059056270,9059056271,9059056331,9059056332,9059056333,9059056334,9059056335,9059056336,9059056337,9059066064,9059077214,9059077215,9059077218,9059093538,9059097192,9059098749,9059098750,9059100877,9059100878,9059102138,9059103107,9059106717,9059106718,9059106719,9059106720",1.12939,,,,,S00148458,3.0,S14000075,Dundee Central,,"Bell Street,Euclid Crescent,Irvine's Square,Soapwork Lane",0.7961968355349107
DD1 1HP,Yes,56.463637,-2.971111,340259.0,730589.0,NO402305,,Dundee City,Maryfield,S12000042,S13002549,Scotland,S99999999,1980-01-01,,,,55.0,0.0,,City Centre - 05,Large urban area,Scotland,21.0,,S01007705,,S02001448,City Centre,,S00098441,1414,1,0,2024-12-20,Dundee,0.794298,DD,DD1,Scotland,Scottish Water,9C8VF27H+FH,,,Dundee,Eastern Scotland,Angus and Dundee City,"9059009977,9059009978,9059009979,9059009980,9059009982,9059009983,9059009984,9059009985,9059009986,9059023462,9059028475,9059038977,9059078583,9059078587,9059078588,9059097424,9059112765",1.10928,,,,,S00148458,3.0,S14000075,Dundee Central,,"A929,Bell Street,Panmure Street",0.7961968355349107
DD1 1HX,Yes,56.464105,-2.973156,340134.0,730643.0,NO401306,,Dundee City,Maryfield,S12000042,S13002549,Scotland,S99999999,1996-06-01,,,,19.0,0.0,,City Centre - 05,Large urban area,Scotland,25.0,,S01007705,,S02001448,City Centre,,S00098442,1414,1,0,2024-12-20,Dundee,0.854716,DD,DD1,Scotland,Scottish Water,9C8VF27G+JP,,,Dundee,Eastern Scotland,Angus and Dundee City,"9059030988,9059076628,9059076629,9059093539,9059097366,9059097884,9059098558,9059101017,9059101018,9059101019,9059101020,9059101021,9059101022,9059101023,9059101024,9059101025,9059101026,9059101027,9059101028,9059101029,9059101030,9059101031,9059101032,9059101033,9059101034,9059101035,9059101036,9059101037,9059101038,9059101039,9059101040,9059101041,9059101042,9059101043,9059101044,9059101045,9059101046,9059101047,9059101048,9059104101,9059111747,9059111748,9059111749,9059111750,9059111751,9059111752,9059111753,9059111754,9059111755,9059111756,9059111757,9059111758,9059111759,9059111760,9059111761",1.19521,,,,,S00148458,3.0,S14000075,Dundee Central,,"A929,Soapwork Lane,Victoria Way",0.7961968355349107
DD1 1JG,Yes,56.463917,-2.972043,340202.0,730621.0,NO402306,,Dundee City,Maryfield,S12000042,S13002549,Scotland,S99999999,1980-01-01,,,,13.0,8.0,,City Centre - 05,Large urban area,Scotland,23.0,,S01007705,,S02001448,City Centre,,S00098442,1414,1,0,2024-12-20,Dundee,0.826993,DD,DD1,Scotland,Scottish Water,9C8VF27H+H5,,,Dundee,Eastern Scotland,Angus and Dundee City,"9059048663,9059048664,9059048665,9059048666,9059048667,9059048669,9059048670,9059048673,9059048795,9059058349,9059075908,9059075909,9059089197,9059089198,9059111222",1.15571,,,,,S00148458,3.0,S14000075,Dundee Central,,A929,0.7961968355349107
DD1 1JN,Yes,56.464504,-2.971653,340227.0,730686.0,NO402306,,Dundee City,Coldside,S12000042,S13002548,Scotland,S99999999,1980-01-01,,,,84.0,7.0,,Docks and Wellgate - 05,Large urban area,Scotland,27.0,,S01007711,,S02001449,Docks and Wellgate,,S00099542,1165,1,0,2024-12-20,Dundee,0.891043,DD,DD1,Scotland,Scottish Water,9C8VF27H+R8,,,Dundee,Eastern Scotland,Angus and Dundee City,"9059043893,9059055770,9059058231,9059058232,9059058233,9059058235,9059058236,9059058237,9059058238,9059058239,9059058240,9059058241,9059058242,9059058243,9059058244,9059058246,9059058247,9059075914,9059075915,9059075916,9059075917,9059075918,9059075919,9059075920,9059075926,9059075927,9059076870,9059104896,9059104897,9059107949,10025423655",1.21293,,,,,S00148410,2.0,S14000075,Dundee Central,,A929,0.8323414138481637
DD1 1JR,Yes,56.464813,-2.97119,340256.0,730720.0,NO402307,,Dundee City,Coldside,S12000042,S13002548,Scotland,S99999999,1980-01-01,,,,59.0,21.0,,Docks and Wellgate - 05,Large urban area,Scotland,28.0,,S01007711,,S02001449,Docks and Wellgate,,S00099542,1165,1,0,2024-12-20,Dundee,0.924955,DD,DD1,Scotland,Scottish Water,9C8VF27H+WG,,,Dundee,Eastern Scotland,Angus and Dundee City,"9059044613,9059044624,9059044677,9059044688,9059045393,9059045404,9059045415,9059045426,9059045437,9059045448,9059045459,9059045468,9059045479,9059045487,9059045498,9059045509,9059045519,9059045529,9059045539,9059045550,9059045561,9059045572,9059045584,9059067148,9059082573",1.23864,,,,,S00148410,2.0,S14000075,Dundee Central,,Dudhope Street,0.8323414138481637
DD1 1LH,Yes,56.46246,-2.974505,340048.0,730461.0,NO400304,,Dundee City,Maryfield,S12000042,S13002549,Scotland,S99999999,1980-01-01,,,,6.0,3.0,,City Centre - 05,Large urban area,Scotland,22.0,,S01007705,,S02001448,City Centre,,S00098441,1414,1,0,2024-12-20,Dundee,0.693734,DD,DD1,Scotland,Scottish Water,9C8VF26G+X5,,,Dundee,Eastern Scotland,Angus and Dundee City,"9059015082,9059015083,9059015205,9059015206,9059081091",1.03924,,,,,S00148458,3.0,S14000075,Dundee Central,,Dudhope Crescent Road,0.7961968355349107
DD1 1LY,Yes,56.462138,-2.975503,339986.0,730426.0,NO399304,,Dundee City,Maryfield,S12000042,S13002549,Scotland,S99999999,1980-01-01,,,,11.0,6.0,,City Centre - 05,Large urban area,Scotland,21.0,,S01007705,,S02001448,City Centre,,S00098440,1414,1,0,2024-12-20,Dundee,0.68092,DD,DD1,Scotland,Scottish Water,9C8VF26F+VQ,,,Dundee,Eastern Scotland,Angus and Dundee City,"9059002343,9059048646,9059081090,9059087909,9059087910,9059087911,9059087912,9059087913,9059087914,9059094408,9059094409,9059101190,9059101191,9059101192",1.02126,,,,,S00148480,3.0,S14000075,Dundee Central,,Nicoll Street,0.7961968355349107
DD1 1LZ,Yes,56.462162,-2.975784,339969.0,730429.0,NO399304,,Dundee City,Maryfield,S12000042,S13002549,Scotland,S99999999,1980-01-01,,,,28.0,16.0,,City Centre - 05,Large urban area,Scotland,21.0,,S01007705,,S02001448,City Centre,,S00098440,1414,1,0,2024-12-20,Dundee,0.690224,DD,DD1,Scotland,Scottish Water,9C8VF26F+VM,,,Dundee,Eastern Scotland,Angus and Dundee City,"9059068459,9059069571,9059087583,9059087584,9059087585,9059087586,9059087587,9059087588,9059087589,9059087590,9059087591,9059087592,9059087593,9059087594,9059087595,9059087596,9059087597,9059087598",1.02868,,,,,S00148480,3.0,S14000075,Dundee Central,,Forester Street,0.7961968355349107
DD1 1NA,Yes,56.46193,-2.975628,339978.0,730403.0,NO399304,,Dundee City,Maryfield,S12000042,S13002549,Scotland,S99999999,1980-01-01,,,,3.0,1.0,,City Centre - 05,Large urban area,Scotland,21.0,,S01007705,,S02001448,City Centre,,S00098440,1414,1,0,2024-12-20,Dundee,0.662781,DD,DD1,Scotland,Scottish Water,9C8VF26F+QP,,,Dundee,Eastern Scotland,Angus and Dundee City,"9059007006,9059015037,9059015038,9059041177,9059063413,9059080435,9059096488,9059096735,9059100871,9059100872,9059107396",1.00076,,,,,S00148480,3.0,S14000075,Dundee Central,,"Forester Street,Rattray Street,Ward Road",0.7961968355349107
DD1 1NG,Yes,56.461688,-2.977845,339841.0,730378.0,NO398303,,Dundee City,Maryfield,S12000042,S13002549,Scotland,S99999999,1980-01-01,,,,15.0,0.0,,City Centre - 05,Large urban area,Scotland,20.0,,S01007705,,S02001448,City Centre,,S00098440,1414,1,0,2024-12-20,Dundee,0.707066,DD,DD1,Scotland,Scottish Water,9C8VF26C+MV,,,Dundee,Eastern Scotland,Angus and Dundee City,"9059003587,9059080660,9059098708,9059101313,9059101314,9059101315,9059101316,9059101317,9059101318,9059101319,9059101320,9059101321,9059101322,9059101323,9059101324,9059101325,9059101326,9059101327,9059101328,9059101329,9059101330,9059101331,9059101332,9059101333,9059101334,9059101335,9059101336,9059101337,9059101338,9059101340",1.01235,,,,,S00148480,3.0,S14000075,Dundee Central,,"Ward Road,West Marketgait",0.7961968355349107
DD1 1NP,Yes,56.45885,-2.976575,339915.0,730061.0,NO399300,,Dundee City,West End,S12000042,S13002547,Scotland,S99999999,1980-01-01,,,,23.0,19.0,,Perth Road - 03,Large urban area,Scotland,19.0,,S01007691,,S02001446,Perth Road,,S00099538,3886,1,0,2024-12-20,Dundee,0.421351,DD,DD1,Scotland,Scottish Water,9C8VF25F+G9,,,Dundee,Eastern Scotland,Angus and Dundee City,"9059014972,9059014973,9059014974,9059014975,9059014976,9059014977,9059020287,9059020297,9059020308,9059020318,9059020326,9059050136,9059050137,9059050138,9059050140,9059050141,9059050143,9059069650,9059076585,9059076586,9059076587,9059076596,9059079619,9059093551,9059093552,9059096991,9059102874,9059105357,9059105358,9059105359,10092060759,10092060772",0.68171,,,,,S00148532,6.0,S14000075,Dundee Central,,"Palais Court,South Tay Street",0.4373639134852664
DD1 1NQ,Yes,56.458986,-2.977532,339856.0,730077.0,NO398300,,Dundee City,West End,S12000042,S13002547,Scotland,S99999999,1991-03-01,,,,20.0,11.0,,Perth Road - 03,Large urban area,Scotland,21.0,,S01007691,,S02001446,Perth Road,,S00099538,3886,1,0,2024-12-20,Dundee,0.477383,DD,DD1,Scotland,Scottish Water,9C8VF25C+HX,,,Dundee,Eastern Scotland,Angus and Dundee City,"9059014355,9059014357,9059014358,9059040304,9059040305,9059046576,9059046577,9059046578,9059067765,9059067766,9059083926,9059083927,9059083928",0.712887,,,,,S00148532,6.0,S14000075,Dundee Central,,Cross Lane,0.4373639134852664
DD1 1NR,Yes,56.458192,-2.975759,339964.0,729987.0,NO399299,,Dundee City,West End,S12000042,S13002547,Scotland,S99999999,1980-01-01,,,,2.0,1.0,,Perth Road - 03,Large urban area,Scotland,19.0,,S01007691,,S02001446,Perth Road,,S00099566,3886,1,0,2024-12-20,Dundee,0.337627,DD,DD1,Scotland,Scottish Water,9C8VF25F+7M,,,Dundee,Eastern Scotland,Angus and Dundee City,"9059002323,9059029563,9059032795,9059054353,9059064592,9059076575,9059076576,9059076577,9059076580,9059076581,9059079618,9059093702,9059094286,9059094287,9059097940,9059100264,9059100265,9059100266,9059102537,9059102843,9059103554,9059103555,9059103556,9059103557,9059103559,9059103560,9059103561,9059104093,9059104094,9059104095,9059104096,10091770539",0.596126,,,,,S00148587,6.0,S14000075,Dundee Central,,"South Tay Street,Tay Street Lane",0.4373639134852664
DD1 1NU,Yes,56.457908,-2.975297,339992.0,729955.0,NO399299,,Dundee City,West End,S12000042,S13002547,Scotland,S99999999,1980-01-01,,,,19.0,8.0,,Perth Road - 03,Large urban area,Scotland,17.0,,S01007691,,S02001446,Perth Road,,S00099566,3886,1,0,2024-12-20,Dundee,0.296624,DD,DD1,Scotland,Scottish Water,9C8VF25F+5V,,,Dundee,Eastern Scotland,Angus and Dundee City,"9059005673,9059005674,9059015614,9059015616,9059020698,9059020699,9059020700,9059020701,9059020703,9059030734,9059051398,9059051447,9059067507,9059076568,9059076569,9059076570,9059076571,9059076572,9059076597,9059076598,9059076599,9059076600,9059076601,9059076602,9059076603,9059076604,9059076607,9059079614,9059079852,9059101361,10092060747",0.557308,,,,,S00148587,6.0,S14000075,Dundee Central,,"South Tay Street,Tay Square",0.4373639134852664
DD1 1PB,Yes,56.457658,-2.976281,339931.0,729928.0,NO399299,,Dundee City,West End,S12000042,S13002547,Scotland,S99999999,1980-01-01,,,,36.0,17.0,,Perth Road - 03,Large urban area,Scotland,19.0,,S01007691,,S02001446,Perth Road,,S00099567,3886,1,0,2024-12-20,Dundee,0.337651,DD,DD1,Scotland,Scottish Water,9C8VF25F+3F,,,Dundee,Eastern Scotland,Angus and Dundee City,"9059001760,9059001956,9059020339,9059041008,9059041009,9059041011,9059041012,9059041013,9059041014,9059041015,9059041016,9059041017,9059041018,9059041019,9059041020,9059041022,9059041023,9059041024,9059041025,9059041026,9059043551,9059049695,9059050579,9059076188,9059083374,9059096169,10024857832",0.546932,,,,,S00148569,6.0,S14000075,Dundee Central,,"Nethergate,Tay Square",0.4373639134852664
DD1 1PD,Yes,56.458445,-2.976658,339909.0,730016.0,NO399300,,Dundee City,West End,S12000042,S13002547,Scotland,S99999999,1980-01-01,,,,15.0,7.0,,Perth Road - 03,Large urban area,Scotland,20.0,,S01007691,,S02001446,Perth Road,,S00099538,3886,1,0,2024-12-20,Dundee,0.39917,DD,DD1,Scotland,Scottish Water,9C8VF25F+98,,,Dundee,Eastern Scotland,Angus and Dundee City,"9059020466,9059020561,9059020562,9059028590,9059028678,9059055772,9059064287,9059076578,9059076579,9059076582,9059076584,9059076588,9059076589,9059076590,9059076591,9059076592,9059079617,9059081598,9059081608,9059081619,9059081630,9059081640,9059081669,9059081680,9059081691,9059081702,9059082970,9059082971,9059093699,9059099538,9059099539,9059102082,9059102834,9059102835,9059102836,9059103465,9059103466,9059103467,9059103468,9059113086,9059113087",0.639046,,,,,S00148532,6.0,S14000075,Dundee Central,,"South Tay Street,Tay Square",0.4373639134852664
DD1 1PE,Yes,56.458575,-2.977262,339872.0,730031.0,NO398300,,Dundee City,West End,S12000042,S13002547,Scotland,S99999999,1980-01-01,,,,27.0,8.0,,Perth Road - 03,Large urban area,Scotland,22.0,,S01007691,,S02001446,Perth Road,,S00099538,3886,1,0,2024-12-20,Dundee,0.438216,DD,DD1,Scotland,Scottish Water,9C8VF25F+C3,,,Dundee,Eastern Scotland,Angus and Dundee City,"9059053514,9059053515,9059053516,9059053517,9059053518,9059053519,9059053520,9059053521,9059053523,9059053524,9059053525,9059053526,9059053527,9059053528,9059067821,9059096276,9059097855,9059101291,9059101292,9059101293,9059101294,9059101295,9059101296,9059101297,9059101298,9059101299,9059101300,9059101301,9059101302,9059101345",0.663531,,,,,S00148532,6.0,S14000075,Dundee Central,,"Artillery Lane,Cross Lane",0.4373639134852664
DD1 1PF,Yes,56.459166,-2.97752,339857.0,730097.0,NO398300,,Dundee City,West End,S12000042,S13002547,Scotland,S99999999,1980-01-01,,,,7.0,6.0,,Perth Road - 03,Large urban area,Scotland,21.0,,S01007691,,S02001446,Perth Road,,S00099538,3886,1,0,2024-12-20,Dundee,0.488693,DD,DD1,Scotland,Scottish Water,9C8VF25C+MX,,,Dundee,Eastern Scotland,Angus and Dundee City,"9059010591,9059010592,9059010593,9059010594,9059010595,9059010597,9059010598,9059058250,9059067872,9059070035,9059079613",0.732275,,,,,S00148532,6.0,S14000075,Dundee Central,,South Tay Street,0.4373639134852664
DD1 1PJ,Yes,56.461227,-2.977087,339887.0,730326.0,NO398303,,Dundee City,Maryfield,S12000042,S13002549,Scotland,S99999999,2007-07-01,,,,110.0,0.0,,City Centre - 05,Large urban area,Scotland,20.0,,S01007705,,S02001448,City Centre,,S00098440,1414,1,0,2024-12-20,Dundee,0.638436,DD,DD1,Scotland,Scottish Water,9C8VF26F+F5,,,Dundee,Eastern Scotland,Angus and Dundee City,"9059080434,9059095650,9059095651,9059095652,9059095653,9059095654,9059095655,9059095656,9059095657,9059095658,9059095659,9059095660,9059095661,9059095662,9059095663,9059095664,9059095665,9059095666,9059095667,9059095668,9059095669,9059095670,9059095671,9059095672,9059095673,9059095674,9059095675,9059095676,9059095677,9059095678,9059095679,9059095680,9059102967,9059104630,9059104638,9059104642,9059104643,9059104644,9059104645,9059104646,9059104647,9059104648,9059104649,9059104650,9059104651,9059104652,9059104653,9059104654,9059104655,9059104656,9059104657,9059104664,9059104665,9059104666,9059104667,9059104668,9059104669,9059104670,9059104671,9059104672,9059104673,9059104674,9059104675,9059104676,9059104677,9059104682,9059104683,9059104684,9059104685,9059104686,9059104687,9059104688,9059104689,9059104690,9059104691,9059104692,9059104693,9059104694,9059104695,9059104696,9059104697,9059104698,9059104699,9059104700,9059104701,9059104702,9059104703,9059104704,9059104705,9059104706,9059104707,9059104708,9059104709,9059104710,9059104711,9059104712,9059104713,9059104714,9059104715,9059104716,9059104717,9059104718,9059104719,9059104720,9059104721,9059104722,9059104723,9059104724,9059104725,9059104726,9059104727,9059104728,9059104729,9059104730,9059104731,9059104732,9059104733,9059104734,9059104735,9059104736,9059104737,9059104738,9059104739,9059104740,9059104741,9059104742,9059104743,9059104744,9059104745,9059104969,9059104970",0.949204,,,,,S00148480,3.0,S14000075,Dundee Central,,"Johnston Street,Ward Road",0.7961968355349107
DD1 1PS,Yes,56.460987,-2.976711,339910.0,730299.0,NO399302,,Dundee City,Maryfield,S12000042,S13002549,Scotland,S99999999,1980-01-01,,,,24.0,18.0,,City Centre - 05,Large urban area,Scotland,20.0,,S01007705,,S02001448,City Centre,,S00098440,1414,1,0,2024-12-20,Dundee,0.603399,DD,DD1,Scotland,Scottish Water,9C8VF26F+98,,,Dundee,Eastern Scotland,Angus and Dundee City,"9059022964,9059023006,9059023007,9059023028,9059023029,9059023030,9059023031,9059023032,9059023033,9059023034,9059023036,9059023037,9059023038,9059023039,9059023040,9059023041,9059023042,9059023045,9059023047,9059023048,9059023049,9059052978,9059056312,9059058675,9059088004,9059088005,9059088006,9059088159,9059088996,9059103073,9059103074",0.916647,,,,,S00148480,3.0,S14000075,Dundee Central,,North Lindsay Street,0.7961968355349107
DD1 1PT,Yes,56.45882,-2.975905,339956.0,730057.0,NO399300,,Dundee City,West End,S12000042,S13002547,Scotland,S99999999,1990-02-01,,,,62.0,40.0,,Perth Road - 03,Large urban area,Scotland,19.0,,S01007691,,S02001446,Perth Road,,S00099540,3886,1,0,2024-12-20,Dundee,0.387767,DD,DD1,Scotland,Scottish Water,9C8VF25F+GJ,,,Dundee,Eastern Scotland,Angus and Dundee City,"9059000338,9059000340,9059000341,9059000342,9059000343,9059000344,9059000345,9059000346,9059010585,9059013679,9059013680,9059013681,9059013682,9059019571,9059019572,9059019573,9059019574,9059019575,9059019576,9059019577,9059019578,9059048150,9059048151,9059048152,9059048154,9059048155,9059048156,9059048157,9059048158,9059048159,9059048160,9059049504,9059049505,9059049506,9059049507,9059071577,9059071578,9059071579,9059071580,9059071581,9059071582,9059071583,9059071584,9059103214",0.666981,,,,,S00148573,6.0,S14000075,Dundee Central,,"Palais Court,South Tay Street",0.4373639134852664
DD1 1RG,Yes,56.4608,-2.970844,340271.0,730273.0,NO402302,,Dundee City,Maryfield,S12000042,S13002549,Scotland,S99999999,1980-01-01,,,,4.0,1.0,,City Centre - 05,Large urban area,Scotland,20.0,,S01007705,,S02001448,City Centre,,S00098451,1414,1,0,2024-12-20,Dundee,0.479542,DD,DD1,Scotland,Scottish Water,9C8VF26H+8M,,,Dundee,Eastern Scotland,Angus and Dundee City,"9059051499,9059051510,9059052695,9059052699,9059052723,9059052724,9059077186,9059077187,9059095280",0.795909,,,,,S00148502,3.0,S14000075,Dundee Central,,"High Street,Reform Street",0.7961968355349107
DD1 1RH,Yes,56.461183,-2.971231,340248.0,730316.0,NO402303,,Dundee City,Maryfield,S12000042,S13002549,Scotland,S99999999,1980-01-01,,,,2.0,1.0,,City Centre - 05,Large urban area,Scotland,20.0,,S01007705,,S02001448,City Centre,,S00098451,1414,1,0,2024-12-20,Dundee,0.521591,DD,DD1,Scotland,Scottish Water,9C8VF26H+FG,,,Dundee,Eastern Scotland,Angus and Dundee City,"9059040142,9059055028,9059055029,9059064444,9059070582,9059101638,9059101639",0.84422,,,,,S00148502,3.0,S14000075,Dundee Central,,Reform Street,0.7961968355349107
DD1 1RL,Yes,56.461175,-2.972156,340191.0,730316.0,NO401303,,Dundee City,Maryfield,S12000042,S13002549,Scotland,S99999999,1980-01-01,,,,79.0,36.0,,City Centre - 05,Large urban area,Scotland,20.0,,S01007705,,S02001448,City Centre,,S00099539,1414,1,0,2024-12-20,Dundee,0.523963,DD,DD1,Scotland,Scottish Water,9C8VF26H+F4,,,Dundee,Eastern Scotland,Angus and Dundee City,"9059010129,9059010130,9059010131,9059010133,9059010134,9059035262,9059035263,9059035265,9059035266,9059035267,9059035268,9059035269,9059035270,9059035324,9059035325,9059035326,9059035327,9059035414,9059050977,9059050978,9059050979,9059050981,9059050982,9059050983,9059050984,9059050985,9059050986,9059050987,9059050988,9059050989,9059050991,9059050992,9059050994,9059050995,9059050996,9059050997,9059050998,9059050999,9059051001,9059051002,9059051003,9059051004,9059051005,9059051006,9059051007,9059057932,9059057943,9059077049,9059077051,9059077052,9059078492,9059078493,9059078494,9059078496,9059087728,9059095694,9059100253,9059104482,9059104483,9059104484,9059104485,9059104486,9059104487,9059104760,10025279446",0.859175,,,,,S00148500,3.0,S14000075,Dundee Central,,"Bank Street,Panmure Street",0.7961968355349107
DD1 1RT,Yes,56.461566,-2.971662,340222.0,730359.0,NO402303,,Dundee City,Maryfield,S12000042,S13002549,Scotland,S99999999,1980-01-01,,,,16.0,4.0,,City Centre - 05,Large urban area,Scotland,19.0,,S01007705,,S02001448,City Centre,,S00099539,1414,1,0,2024-12-20,Dundee,0.564845,DD,DD1,Scotland,Scottish Water,9C8VF26H+J8,,,Dundee,Eastern Scotland,Angus and Dundee City,"9059048321,9059054288,9059058304,9059058307,9059063323,9059077165,9059077170,9059077171,9059077172,9059089155,9059089156,9059089666,9059089667,9059094972,9059099347,9059099348,9059099349,9059099350,9059103030",0.893283,,,,,S00148500,3.0,S14000075,Dundee Central,,"Panmure Street,Reform Street",0.7961968355349107
DD1 1SA,Yes,56.460879,-2.96997,340325.0,730281.0,NO403302,,Dundee City,Maryfield,S12000042,S13002549,Scotland,S99999999,1980-01-01,,,,19.0,8.0,,City Centre - 05,Large urban area,Scotland,18.0,,S01007705,,S02001448,City Centre,,S00098451,1414,1,0,2024-12-20,Dundee,0.493667,DD,DD1,Scotland,Scottish Water,9C8VF26J+92,,,Dundee,Eastern Scotland,Angus and Dundee City,"9059021462,9059086305,9059086312,9059100261,9059100262,9059101002,9059101003,9059101004,9059101005,9059101006,9059101007,9059101008,9059101009,9059101010",0.789554,,,,,S00148502,3.0,S14000075,Dundee Central,,High Street,0.7961968355349107
DD1 1SD,Yes,56.461242,-2.969395,340361.0,730321.0,NO403303,,Dundee City,Maryfield,S12000042,S13002549,Scotland,S99999999,1980-01-01,,,,15.0,4.0,,City Centre - 05,Large urban area,Scotland,17.0,,S01007705,,S02001448,City Centre,,S00098451,1414,1,0,2024-12-20,Dundee,0.53971,DD,DD1,Scotland,Scottish Water,9C8VF26J+F6,,,Dundee,Eastern Scotland,Angus and Dundee City,"9059007293,9059022707,9059022708,9059022709,9059042903,9059046330,9059053835,9059053887,9059057918,9059064797,9059085347,9059086303,9059086314,9059086407,9059086408,9059086409,9059086410,9059086411,9059088803,9059088804,9059088805,9059094254,9059094260,9059094261,9059094262,9059094263,9059094289,9059094414,9059094795,9059094796,9059095199,9059099588,9059100177,9059103294,9059105931,9059107963,10025423775,10025423776",0.819228,,,,,S00148502,3.0,S14000075,Dundee Central,,"Castle Street,Chapel Street,Commercial Street,High Street",0.7961968355349107
DD1 1SG,Yes,56.460965,-2.970333,340303.0,730291.0,NO403302,,Dundee City,Maryfield,S12000042,S13002549,Scotland,S99999999,1980-01-01,,,,43.0,14.0,,City Centre - 05,Large urban area,Scotland,19.0,,S01007705,,S02001448,City Centre,,S00098451,1414,1,0,2024-12-20,Dundee,0.500238,DD,DD1,Scotland,Scottish Water,9C8VF26H+9V,,,Dundee,Eastern Scotland,Angus and Dundee City,"9059026327,9059048555,9059048557,9059048558,9059048561,9059048562,9059053493,9059063178,9059063179,9059077159,9059077160,9059077162,9059077163,9059077164,9059077181,9059089656,9059089657,9059089658,9059093323,9059095526,9059100195,9059100196,9059100197,9059100198,9059100199,9059100200,9059100201,9059100202,9059100203,9059100204",0.805126,,,,,S00148502,3.0,S14000075,Dundee Central,,Reform Street,0.7961968355349107
DD1 1SH,Yes,56.461428,-2.97088,340270.0,730343.0,NO402303,,Dundee City,Maryfield,S12000042,S13002549,Scotland,S99999999,1980-01-01,,,,12.0,3.0,,City Centre - 05,Large urban area,Scotland,19.0,,S01007705,,S02001448,City Centre,,S00098451,1414,1,0,2024-12-20,Dundee,0.549176,DD,DD1,Scotland,Scottish Water,9C8VF26H+HJ,,,Dundee,Eastern Scotland,Angus and Dundee City,"9059025302,9059047118,9059062264,9059062265,9059062266,9059067367,9059067406,9059067409,9059067410,9059077166,9059077167,9059077168,9059095283",0.864882,,,,,S00148502,3.0,S14000075,Dundee Central,,Reform Street,0.7961968355349107
DD1 1SL,Yes,56.461677,-2.97124,340248.0,730371.0,NO402303,,Dundee City,Maryfield,S12000042,S13002549,Scotland,S99999999,1980-01-01,,,,3.0,1.0,,City Centre - 05,Large urban area,Scotland,19.0,,S01007705,,S02001448,City Centre,,S00099539,1414,1,0,2024-12-20,Dundee,0.576486,DD,DD1,Scotland,Scottish Water,9C8VF26H+MG,,,Dundee,Eastern Scotland,Angus and Dundee City,"9059033697,9059037627,9059038359,9059077182,9059077183,9059077184,9059077188,9059078720,9059096695,9059102629",0.898145,,,,,S00148500,3.0,S14000075,Dundee Central,,"Bank Street,Reform Street",0.7961968355349107
DD1 2AA,Yes,56.461673,-2.968335,340427.0,730368.0,NO404303,,Dundee City,Maryfield,S12000042,S13002549,Scotland,S99999999,1980-01-01,,,,55.0,35.0,,Docks and Wellgate - 05,Large urban area,Scotland,17.0,,S01007711,,S02001449,Docks and Wellgate,,S00099544,1165,1,0,2024-12-20,Dundee,0.602387,DD,DD1,Scotland,Scottish Water,9C8VF26J+MM,,,Dundee,Eastern Scotland,Angus and Dundee City,"9059039311,9059039312,9059039372,9059059360,9059059361,9059059444,9059059445,9059059447,9059059448,9059059449,9059059450,9059059451,9059059452,9059059453,9059059454,9059064358,9059064359,9059064368,9059064490,9059064491,9059064586,9059064587,9059064588,9059064589,9059064590,9059064591,9059064593,9059064595,9059064596,9059064597,9059064598,9059064599,9059064600,9059064601,9059064602,9059080974,9059100705,9059100706,9059100707,9059100708,10025423686",0.848006,,,,,S00148515,2.0,S14000075,Dundee Central,,Commercial Street,0.8323414138481637
DD1 2AB,Yes,56.462096,-2.969417,340361.0,730416.0,NO403304,,Dundee City,Maryfield,S12000042,S13002549,Scotland,S99999999,1980-01-01,,,,19.0,4.0,,Docks and Wellgate - 05,Large urban area,Scotland,16.0,,S01007711,,S02001449,Docks and Wellgate,,S00099543,1165,1,0,2024-12-20,Dundee,0.632639,DD,DD1,Scotland,Scottish Water,9C8VF26J+R6,,,Dundee,Eastern Scotland,Angus and Dundee City,"9059001731,9059026573,9059068355,9059068359,9059068360,9059076880,9059080938,9059080939",0.912562,,,,,S00148479,2.0,S14000075,Dundee Central,,"Annfield Street,Commercial Street",0.8323414138481637
DD1 2AF,Yes,56.462344,-2.969861,340334.0,730444.0,NO403304,,Dundee City,Maryfield,S12000042,S13002549,Scotland,S99999999,1980-01-01,,,,10.0,6.0,,Docks and Wellgate - 05,Large urban area,Scotland,17.0,,S01007711,,S02001449,Docks and Wellgate,,S00099543,1165,1,0,2024-12-20,Dundee,0.655811,DD,DD1,Scotland,Scottish Water,9C8VF26J+W3,,,Dundee,Eastern Scotland,Angus and Dundee City,"9059003547,9059003548,9059003549,9059003550,9059003551,9059003552,9059003553,9059003555,9059043615,9059043650,9059077914,9059081821,9059083061,9059085275,9059101754,9059101755,9059101757,9059101758,9059102479,9059102480,9059102481,9059102482,9059102483,9059102484",0.947153,,,,,S00148479,2.0,S14000075,Dundee Central,,"Commercial Street,Panmure Street",0.8323414138481637
DD1 2AJ,Yes,56.462124,-2.970359,340303.0,730420.0,NO403304,,Dundee City,Maryfield,S12000042,S13002549,Scotland,S99999999,1980-01-01,,,,40.0,15.0,,City Centre - 05,Large urban area,Scotland,17.0,,S01007705,,S02001448,City Centre,,S00099438,1414,1,0,2024-12-20,Dundee,0.628304,DD,DD1,Scotland,Scottish Water,9C8VF26H+RV,,,Dundee,Eastern Scotland,Angus and Dundee City,"9059001644,9059010473,9059053042,9059067554,9059067555,9059067558,9059067561,9059067562,9059067564,9059067566,9059068374,9059068501,9059068503,9059068504,9059068505,9059068506,9059068507,9059068508,9059068509,9059074905,9059075017,9059080947,9059080948,10025423682,10092060867",0.931727,,,,,S00148502,3.0,S14000075,Dundee Central,,"Chapel Street,Commercial Street",0.7961968355349107
DD1 2AP,Yes,56.461868,-2.969739,340341.0,730391.0,NO403303,,Dundee City,Maryfield,S12000042,S13002549,Scotland,S99999999,1980-01-01,,,,29.0,14.0,,City Centre - 05,Large urban area,Scotland,17.0,,S01007705,,S02001448,City Centre,,S00099438,1414,1,0,2024-12-20,Dundee,0.604445,DD,DD1,Scotland,Scottish Water,9C8VF26J+P4,,,Dundee,Eastern Scotland,Angus and Dundee City,"9059024813,9059034686,9059034687,9059034717,9059034718,9059034719,9059034720,9059046033,9059046052,9059046133,9059046134,9059046135,9059046136,9059046137,9059046138,9059046139,9059046140,9059046142,9059046143,9059055947,9059071139,9059081810,9059094277,9059099336,9059099568,9059099569,9059105854,10092049146",0.893253,,,,,S00148502,3.0,S14000075,Dundee Central,,Commercial Street,0.7961968355349107
DD1 2BE,Yes,56.463176,-2.969152,340379.0,730536.0,NO403305,,Dundee City,Maryfield,S12000042,S13002549,Scotland,S99999999,1980-01-01,,,,19.0,8.0,,Docks and Wellgate - 05,Large urban area,Scotland,17.0,,S01007711,,S02001449,Docks and Wellgate,,S00098444,1165,1,0,2024-12-20,Dundee,0.753666,DD,DD1,Scotland,Scottish Water,9C8VF27J+78,,,Dundee,Eastern Scotland,Angus and Dundee City,"9059047017,9059047019,9059047020,9059047021,9059047089,9059047090,9059047091,9059047092,9059047093,9059047094,9059047095,9059051369,9059088695,9059088698,9059088700",1.02558,,,,,S00148479,2.0,S14000075,Dundee Central,,Panmure Street,0.8323414138481637
DD1 2BG,Yes,56.463118,-2.96956,340354.0,730530.0,NO403305,,Dundee City,Maryfield,S12000042,S13002549,Scotland,S99999999,1980-01-01,,,,34.0,8.0,,Docks and Wellgate - 05,Large urban area,Scotland,17.0,,S01007711,,S02001449,Docks and Wellgate,,S00098444,1165,1,0,2024-12-20,Dundee,0.743498,DD,DD1,Scotland,Scottish Water,9C8VF27J+65,,,Dundee,Eastern Scotland,Angus and Dundee City,"9059005412,9059015221,9059015339,9059041066,9059046375,9059050430,9059050441,9059056828,9059056829,9059056830,9059082458,9059082459,9059082460,9059082462,9059082463,9059084936,9059088401,9059089026,9059089309,9059098028,9059100894",1.02625,,,,,S00148479,2.0,S14000075,Dundee Central,,Panmure Street,0.8323414138481637
DD1 2BW,Yes,56.463379,-2.96966,340348.0,730559.0,NO403305,,Dundee City,Maryfield,S12000042,S13002549,Scotland,S99999999,1980-01-01,,,,12.0,5.0,,Docks and Wellgate - 05,Large urban area,Scotland,18.0,,S01007711,,S02001449,Docks and Wellgate,,S00098444,1165,1,0,2024-12-20,Dundee,0.771462,DD,DD1,Scotland,Scottish Water,9C8VF27J+94,,,Dundee,Eastern Scotland,Angus and Dundee City,"9059002611,9059007690,9059017689,9059053957,9059054079,9059054080,9059058059,9059059060,9059059063,9059059064,9059059066,9059082465,9059084986,9059088396,9059088397,9059088398,9059088399,9059088400,9059088402,9059088403,9059088404,9059088405,9059088406,9059088407,9059088408,9059088409,9059088696,9059088701,9059089027,9059095198,9059099279,9059101011,9059101173,9059104765,9059104766,9059104767,9059105020",1.05637,,,,,S00148421,2.0,S14000075,Dundee Central,,Panmure Street,0.8323414138481637
DD1 2DB,Yes,56.463947,-2.969431,340363.0,730622.0,NO403306,,Dundee City,Maryfield,S12000042,S13002549,Scotland,S99999999,1980-01-01,,,,1.0,1.0,,Docks and Wellgate - 05,Large urban area,Scotland,20.0,,S01007711,,S02001449,Docks and Wellgate,,S00098444,1165,1,0,2024-12-20,Dundee,0.835851,DD,DD1,Scotland,Scottish Water,9C8VF27J+H6,,,Dundee,Eastern Scotland,Angus and Dundee City,"9059006898,9059030851,9059030958,9059030961,9059042907,9059042910,9059042911,9059042912,9059042913,9059042914,9059042916,9059042938,9059042939,9059042940,9059042941,9059042944,9059042945,9059042946,9059042947,9059042948,9059042950,9059042951,9059042952,9059042953,9059042954,9059042956,9059042957,9059042958,9059042959,9059042960,9059042961,9059042963,9059042964,9059042965,9059043026,9059043029,9059043053,9059043054,9059043137,9059048590,9059048797,9059048798,9059080979,9059080980,9059080981,9059080982,9059080983,9059080985,9059080986,9059080987,9059080988,9059080989,9059080990,9059080991,9059080996,9059080997,9059080998,9059080999,9059081002,9059081003,9059081007,9059081008,9059081009,9059081012,9059081013,9059081014,9059081018,9059081019,9059081021,9059081022,9059088420,9059088421,9059088422,9059088423,9059088424,9059088425,9059088426,9059088427,9059090705,9059092760,9059093783,9059093784,9059093785,9059094084,9059094745,9059094862,9059095061,9059095062,9059095063,9059095527,9059096085,9059097210,9059097377,9059097378,9059098291,9059098603,9059100979,9059101051,9059101564,9059101887,9059102003,9059102767,9059103989,9059104086,9059105464,9059105465,9059105466,9059105852,10015432586",1.11428,,,,,S00148421,2.0,S14000075,Dundee Central,,"A929,Cowgate,Kirk Lane,Panmure Street,St Andrew's Street",0.8323414138481637
DD1 2EG,Yes,56.461506,-2.967811,340459.0,730349.0,NO404303,,Dundee City,Maryfield,S12000042,S13002549,Scotland,S99999999,1980-01-01,,,,11.0,4.0,,Docks and Wellgate - 05,Large urban area,Scotland,15.0,,S01007711,,S02001449,Docks and Wellgate,,S00099544,1165,1,0,2024-12-20,Dundee,0.595155,DD,DD1,Scotland,Scottish Water,9C8VF26J+JV,,,Dundee,Eastern Scotland,Angus and Dundee City,"9059006231,9059006768,9059067515,9059067517,9059067563,9059067565,9059067567,9059076670,9059079141,9059097361",0.820863,,,,,S00148515,2.0,S14000075,Dundee Central,,Seagate,0.8323414138481637
DD1 2EH,Yes,56.46231,-2.967312,340491.0,730438.0,NO404304,,Dundee City,Maryfield,S12000042,S13002549,Scotland,S99999999,1980-01-01,,,,62.0,41.0,,Docks and Wellgate - 04,Large urban area,Scotland,12.0,,S01007710,,S02001449,Docks and Wellgate,,S00099545,2116,1,0,2024-12-20,Dundee,0.689571,DD,DD1,Scotland,Scottish Water,9C8VF26M+W3,,,Dundee,Eastern Scotland,Angus and Dundee City,"9059010552,9059011017,9059011654,9059011655,9059011682,9059011692,9059011693,9059011694,9059011695,9059011696,9059011697,9059011698,9059011701,9059067955,9059067966,9059067977,9059067988,9059067999,9059068010,9059068022,9059068033,9059068043,9059068054,9059068062,9059068067,9059068068,9059068078,9059068087,9059068097,9059068108,9059068119,9059068130,9059068140,9059068149,9059068160,9059068170,9059068181,9059068188,9059068194,9059068206,9059068217,9059068228,9059068239,9059068250,9059068261,9059068481,9059097155,9059097187,9059105930",0.899839,,,,,S00148491,4.0,S14000075,Dundee Central,,"Gellatly Street,Horse Wynd,Seagate",0.6942952533023661
DD1 2EN,Yes,56.462957,-2.967264,340495.0,730510.0,NO404305,,Dundee City,Maryfield,S12000042,S13002549,Scotland,S99999999,1980-01-01,,,,34.0,14.0,,Docks and Wellgate - 04,Large urban area,Scotland,12.0,,S01007710,,S02001449,Docks and Wellgate,,S00099545,2116,1,0,2024-12-20,Dundee,0.758353,DD,DD1,Scotland,Scottish Water,9C8VF27M+53,,,Dundee,Eastern Scotland,Angus and Dundee City,"9059055997,9059055998,9059055999,9059056000,9059056001,9059056002,9059056003,9059056005,9059056006,9059056007,9059076676,9059076677,9059076678,9059076679,9059076680,9059076681,9059076682,9059076686,9059077634,9059090655,9059093566,9059095068,9059102555",0.969443,,,,,S00148491,4.0,S14000075,Dundee Central,,"Seagate,St Andrew's Street",0.6942952533023661
DD1 2EQ,Yes,56.461909,-2.968081,340443.0,730394.0,NO404303,,Dundee City,Maryfield,S12000042,S13002549,Scotland,S99999999,1980-01-01,,,,26.0,9.0,,Docks and Wellgate - 05,Large urban area,Scotland,15.0,,S01007711,,S02001449,Docks and Wellgate,,S00099544,1165,1,0,2024-12-20,Dundee,0.632068,DD,DD1,Scotland,Scottish Water,9C8VF26J+QQ,,,Dundee,Eastern Scotland,Angus and Dundee City,"9059045197,9059050993,9059056132,9059056183,9059056184,9059056185,9059056186,9059056187,9059056189,9059056190,9059056191,9059056192,9059076671,9059076672,9059076673,9059076674,9059098796,9059103043",0.869348,,,,,S00148515,2.0,S14000075,Dundee Central,,Seagate,0.8323414138481637
DD1 2ER,Yes,56.462954,-2.96655,340539.0,730509.0,NO405305,,Dundee City,Maryfield,S12000042,S13002549,Scotland,S99999999,1980-01-01,,,,22.0,13.0,,Docks and Wellgate - 04,Large urban area,Scotland,10.0,,S01007710,,S02001449,Docks and Wellgate,,S00099546,2116,1,0,2024-12-20,Dundee,0.773147,DD,DD1,Scotland,Scottish Water,9C8VF27M+59,,,Dundee,Eastern Scotland,Angus and Dundee City,"9059022670,9059022672,9059022673,9059022674,9059022715,9059022716,9059028327,9059028328,9059028329,9059050081,9059050082,9059050083,9059050084,9059050085,9059050086,9059050089,9059050090,9059050091,9059075253,9059075255,9059076684,9059076685,9059090724,9059107917,10025278451",0.9569,,,,,S00148487,4.0,S14000075,Dundee Central,,Seagate,0.6942952533023661
DD1 2ET,Yes,56.463176,-2.966831,340522.0,730534.0,NO405305,,Dundee City,Maryfield,S12000042,S13002549,Scotland,S99999999,1980-01-01,,,,13.0,7.0,,Docks and Wellgate - 04,Large urban area,Scotland,11.0,,S01007710,,S02001449,Docks and Wellgate,,S00099546,2116,1,0,2024-12-20,Dundee,0.790091,DD,DD1,Scotland,Scottish Water,9C8VF27M+77,,,Dundee,Eastern Scotland,Angus and Dundee City,"9059057899,9059068290,9059068292,9059068329,9059068330,9059068331,9059068332,9059068333,9059068335,9059068336,9059068337,9059076701,9059077635,9059097415,9059102565,9059102566,9059102567,9059102568,9059102569,9059102570,9059102571,9059102572,9059102573,9059106002,9059106584",0.985872,,,,,S00148476,4.0,S14000075,Dundee Central,,"Seagate,Trades Lane",0.6942952533023661
DD1 2EU,Yes,56.463346,-2.966949,340515.0,730553.0,NO405305,,Dundee City,Maryfield,S12000042,S13002549,Scotland,S99999999,1980-01-01,,,,11.0,6.0,,Docks and Wellgate - 05,Large urban area,Scotland,12.0,,S01007711,,S02001449,Docks and Wellgate,,S00099543,1165,1,0,2024-12-20,Dundee,0.805502,DD,DD1,Scotland,Scottish Water,9C8VF27M+86,,,Dundee,Eastern Scotland,Angus and Dundee City,"9059012357,9059012358,9059012359,9059012360,9059012361,9059012362,9059012366,9059076542,9059076543,9059097376",1.0064,,,,,S00148479,2.0,S14000075,Dundee Central,,"St Andrew's Lane,St Andrew's Street",0.8323414138481637
DD1 2EW,Yes,56.463045,-2.967574,340476.0,730520.0,NO404305,,Dundee City,Maryfield,S12000042,S13002549,Scotland,S99999999,1980-01-01,,,,29.0,22.0,,Docks and Wellgate - 05,Large urban area,Scotland,13.0,,S01007711,,S02001449,Docks and Wellgate,,S00099543,1165,1,0,2024-12-20,Dundee,0.761841,DD,DD1,Scotland,Scottish Water,9C8VF27J+6X,,,Dundee,Eastern Scotland,Angus and Dundee City,"9059028400,9059055921,9059055922,9059055923,9059055924,9059055925,9059055926,9059055927,9059055928,9059055930,9059055931,9059055932,9059055933,9059055934,9059055935,9059055936,9059055937,9059055938,9059055939,9059055941,9059055942,9059055943,9059055944,9059055945,9059055946,9059055996,9059088661,9059088662,9059088663,9059102330,10015437210",0.984326,,,,,S00148479,2.0,S14000075,Dundee Central,,"Peter Street,Seagate",0.8323414138481637
DD1 2EX,Yes,56.463767,-2.967057,340509.0,730600.0,NO405305,,Dundee City,Maryfield,S12000042,S13002549,Scotland,S99999999,1980-01-01,,,,28.0,17.0,,Docks and Wellgate - 05,Large urban area,Scotland,13.0,,S01007711,,S02001449,Docks and Wellgate,,S00099543,1165,1,0,2024-12-20,Dundee,0.847874,DD,DD1,Scotland,Scottish Water,9C8VF27M+G5,,,Dundee,Eastern Scotland,Angus and Dundee City,"9059001072,9059010685,9059015453,9059015492,9059042386,9059042427,9059042428,9059042429,9059042430,9059042432,9059042433,9059042434,9059042435,9059052728,9059052729,9059052764,9059052766,9059052767,9059052768,9059052769,9059062471,9059062498,9059062499,9059062500,9059062503,9059062504,9059062505,9059062506,9059062507,9059062508,9059063638,9059063699,9059076540,9059099337,9059099338,9059099339,9059104479",1.05407,,,,,S00148476,2.0,S14000075,Dundee Central,,"Cowgate,St Andrew's Lane,St Andrew's Street",0.8323414138481637
DD1 2HF,Yes,56.464025,-2.965084,340631.0,730627.0,NO406306,,Dundee City,Maryfield,S12000042,S13002549,Scotland,S99999999,1989-11-01,,,,78.0,52.0,,Docks and Wellgate - 04,Large urban area,Scotland,10.0,,S01007710,,S02001449,Docks and Wellgate,,S00099546,2116,1,0,2024-12-20,Dundee,0.917853,DD,DD1,Scotland,Scottish Water,9C8VF27M+JX,,,Dundee,Eastern Scotland,Angus and Dundee City,"9059001008,9059001009,9059001010,9059001011,9059001012,9059001013,9059001015,9059001016,9059001017,9059001018,9059001019,9059001020,9059001021,9059001022,9059001023,9059001024,9059001026,9059001027,9059001028,9059001029,9059015177,9059015188,9059016902,9059033467,9059033468,9059033469,9059033470,9059033472,9059033473,9059033474,9059033475,9059033476,9059033477,9059033478,9059033479,9059033480,9059033481,9059033483,9059033486,9059033488,9059033489,9059033490,9059033492,9059033494,9059033495,9059033496,9059033498,9059033499,9059076690,9059076691,9059076694,9059076695,9059076696,9059076697,9059076698,9059076699,9059076700,9059098162,9059104952,9059105435,9059107952",1.04839,,,,,S00148457,4.0,S14000075,Dundee Central,,"East Marketgait,Seagate",0.6942952533023661
DD1 2HQ,Yes,56.464087,-2.965231,340622.0,730634.0,NO406306,,Dundee City,Maryfield,S12000042,S13002549,Scotland,S99999999,2000-12-01,,,,1.0,1.0,,Docks and Wellgate - 04,Large urban area,Scotland,10.0,,S01007710,,S02001449,Docks and Wellgate,,S00099546,2116,1,0,2024-12-20,Dundee,0.920509,DD,DD1,Scotland,Scottish Water,9C8VF27M+JW,,,Dundee,Eastern Scotland,Angus and Dundee City,"9059056103,9059078700",1.05766,,,,,S00148457,4.0,S14000075,Dundee Central,,Queen Street,0.6942952533023661
DD1 2HS,Yes,56.463508,-2.968122,340443.0,730572.0,NO404305,,Dundee City,Maryfield,S12000042,S13002549,Scotland,S99999999,1980-01-01,,,,20.0,10.0,,Docks and Wellgate - 05,Large urban area,Scotland,16.0,,S01007711,,S02001449,Docks and Wellgate,,S00099543,1165,1,0,2024-12-20,Dundee,0.802583,DD,DD1,Scotland,Scottish Water,9C8VF27J+CQ,,,Dundee,Eastern Scotland,Angus and Dundee City,"9059002945,9059003065,9059003066,9059003067,9059004376,9059009015,9059025880,9059047050,9059065882,9059076302,9059076313,9059077513,9059077525,9059077536,9059077547,9059077558,9059077569,9059081399,9059081400,9059081401,9059082597,9059082599,9059083648,9059095202,9059098768,9059100323,9059100327,9059104480,9059107170",1.0441,,,,,S00148479,2.0,S14000075,Dundee Central,,"Cowgate,St Andrew's Street",0.8323414138481637
DD1 2JD,Yes,56.464386,-2.967125,340506.0,730669.0,NO405306,,Dundee City,Maryfield,S12000042,S13002549,Scotland,S99999999,1978-03-01,,,,15.0,8.0,,Docks and Wellgate - 04,Large urban area,Scotland,16.0,,S01007710,,S02001449,Docks and Wellgate,,S00099774,2116,1,0,2024-12-20,Dundee,0.912559,DD,DD1,Scotland,Scottish Water,9C8VF27M+Q5,,,Dundee,Eastern Scotland,Angus and Dundee City,"9059011014,9059015803,9059026901,9059038393,9059038404,9059061970,9059063636,9059067174,9059082802,9059082803,9059088836,9059088837,9059088838,9059088839,9059088840,9059088841,9059088842,9059088843,9059088844,9059088845,9059088846,9059088847,9059088848,9059088849,9059088850,9059089315,9059092468,9059097256,9059103973,9059103974,9059105098,9059105099,9059105100,9059105101,9059105102,9059105103,10025272458",1.12261,,,,,S00148461,4.0,S14000075,Dundee Central,,"A929,East Marketgait",0.6942952533023661
DD1 2JF,Yes,56.463973,-2.967127,340505.0,730623.0,NO405306,,Dundee City,Maryfield,S12000042,S13002549,Scotland,S99999999,1980-01-01,,,,42.0,21.0,,Docks and Wellgate - 04,Large urban area,Scotland,14.0,,S01007710,,S02001449,Docks and Wellgate,,S00099774,2116,1,0,2024-12-20,Dundee,0.868486,DD,DD1,Scotland,Scottish Water,9C8VF27M+H4,,,Dundee,Eastern Scotland,Angus and Dundee City,"9059002766,9059002767,9059002768,9059002769,9059002770,9059002771,9059002772,9059002773,9059002775,9059002776,9059002777,9059008399,9059008400,9059008401,9059008402,9059011012,9059043459,9059043753,9059063637,9059063700,9059063701,9059063702,9059063703,9059063704,9059063705,9059076324,9059077714,9059077715,9059077716,9059081407",1.07769,,,,,S00148461,4.0,S14000075,Dundee Central,,Cowgate,0.6942952533023661
DD1 2JJ,Yes,56.464314,-2.966097,340569.0,730660.0,NO405306,,Dundee City,Maryfield,S12000042,S13002549,Scotland,S99999999,1980-01-01,,,,19.0,19.0,,Docks and Wellgate - 04,Large urban area,Scotland,13.0,,S01007710,,S02001449,Docks and Wellgate,,S00099546,2116,1,0,2024-12-20,Dundee,0.924332,DD,DD1,Scotland,Scottish Water,9C8VF27M+PH,,,Dundee,Eastern Scotland,Angus and Dundee City,"9059041594,9059041595,9059041596,9059041597,9059041598,9059041599,9059041600,9059041601,9059041602,9059041603,9059041604,9059041605,9059041607,9059041608,9059041609,9059041610,9059041611,9059041612,9059041613,9059041686,9059097329",1.09718,,,,,S00148457,4.0,S14000075,Dundee Central,,"Cowgate,Queen Street",0.6942952533023661
DD1 2SH,Yes,56.464113,-2.966404,340550.0,730638.0,NO405306,,Dundee City,Maryfield,S12000042,S13002549,Scotland,S99999999,1990-09-01,,,,14.0,0.0,,Docks and Wellgate - 04,Large urban area,Scotland,13.0,,S01007710,,S02001449,Docks and Wellgate,,S00099546,2116,1,0,2024-12-20,Dundee,0.896985,DD,DD1,Scotland,Scottish Water,9C8VF27M+JC,,,Dundee,Eastern Scotland,Angus and Dundee City,"9059029972,9059070033,9059076220,9059076221,9059076223,9059076224,9059076225,9059076226,9059076227,9059076228,9059076229,9059090666,9059090667,9059090668,9059090669,9059090670,9059090671,9059090672,9059090673,9059113437,9059113438",1.08056,,,,,S00148457,4.0,S14000075,Dundee Central,,Sugarhouse Wynd,0.6942952533023661
DD1 3AA,Yes,56.460538,-2.968679,340404.0,730242.0,NO404302,,Dundee City,Maryfield,S12000042,S13002549,Scotland,S99999999,1980-01-01,,,,12.0,10.0,,City Centre - 06,Large urban area,Scotland,17.0,,S01007706,,S02001448,City Centre,,S00098452,4424,1,0,2024-12-20,Dundee,0.475898,DD,DD1,Scotland,Scottish Water,9C8VF26J+6G,,,Dundee,Eastern Scotland,Angus and Dundee City,"9059012824,9059012838,9059022776,9059022777,9059022783,9059032325,9059032326,9059032327,9059032328,9059032329,9059032330,9059032331,9059032333,9059032334,9059032335,9059032336,9059078370,9059078371,9059078372,9059078373,9059078374,9059078375,9059081573,9059102541",0.730348,,,,,S00148534,7.0,S14000075,Dundee Central,,Castle Street,0.35926839889679196
DD1 3AF,Yes,56.460845,-2.968463,340418.0,730276.0,NO404302,,Dundee City,Maryfield,S12000042,S13002549,Scotland,S99999999,1980-01-01,,,,28.0,11.0,,City Centre - 06,Large urban area,Scotland,18.0,,S01007706,,S02001448,City Centre,,S00098452,4424,1,0,2024-12-20,Dundee,0.512473,DD,DD1,Scotland,Scottish Water,9C8VF26J+8J,,,Dundee,Eastern Scotland,Angus and Dundee City,"9059005371,9059005675,9059005790,9059005791,9059005792,9059005793,9059005794,9059005796,9059006595,9059006596,9059030551,9059044649,9059049031,9059049051,9059049072,9059049132,9059078367,9059078369,9059078384,9059081572,9059088947,9059089071,9059089072,9059089073,9059089074,9059089075,9059096734,9059100180,9059101214,9059102292,9059102293,9059102294,9059102295,9059102296,9059102297,9059102298,9059102299,9059104596,9059105030,9059105031,9059106478,9059106479,9059106480,9059106481,9059106482,9059106483,9059106484,9059106485,9059106486,9059106487,9059106488,9059106489,9059106748",0.760069,,,,,S00148534,7.0,S14000075,Dundee Central,,Castle Street,0.35926839889679196
DD1 3AP,Yes,56.459933,-2.970286,340304.0,730176.0,NO403301,,Dundee City,Maryfield,S12000042,S13002549,Scotland,S99999999,1980-01-01,,,,13.0,10.0,,City Centre - 05,Large urban area,Scotland,18.0,,S01007705,,S02001448,City Centre,,S00098451,1414,1,0,2024-12-20,Dundee,0.386826,DD,DD1,Scotland,Scottish Water,9C8VF25H+XV,,,Dundee,Eastern Scotland,Angus and Dundee City,"9059042198,9059058801,9059058802,9059063747,9059063786,9059063788,9059063789,9059063790,9059063977,9059063978,9059063979,9059063980,9059063981,9059063982,9059063983,9059063984,9059063985,9059082031,9059082032",0.69199,,,,,S00148502,3.0,S14000075,Dundee Central,,Crichton Street,0.7961968355349107
DD1 3AQ,Yes,56.460481,-2.967902,340452.0,730235.0,NO404302,,Dundee City,Maryfield,S12000042,S13002549,Scotland,S99999999,1980-01-01,,,,20.0,7.0,,City Centre - 06,Large urban area,Scotland,14.0,,S01007706,,S02001448,City Centre,,S00098452,4424,1,0,2024-12-20,Dundee,0.487743,DD,DD1,Scotland,Scottish Water,9C8VF26J+5R,,,Dundee,Eastern Scotland,Angus and Dundee City,"9059044337,9059044705,9059044706,9059044707,9059044708,9059044710,9059044711,9059058504,9059063631,9059078376,9059078378,9059078379,9059078380,9059078381,9059078382,9059078383,9059081577,9059102165,9059102166,9059102685,9059102773,9059102774,9059102775,9059102776,9059102777,9059102778,9059106152,9059106153,9059106154,9059106155,9059106156,9059106157,9059106158,9059106159",0.710849,,,,,S00148534,7.0,S14000075,Dundee Central,,Castle Street,0.35926839889679196
DD1 3AR,Yes,56.459676,-2.969777,340335.0,730147.0,NO403301,,Dundee City,Maryfield,S12000042,S13002549,Scotland,S99999999,1980-01-01,,,,15.0,7.0,,City Centre - 05,Large urban area,Scotland,16.0,,S01007705,,S02001448,City Centre,,S00098451,1414,1,0,2024-12-20,Dundee,0.364824,DD,DD1,Scotland,Scottish Water,9C8VF25J+V3,,,Dundee,Eastern Scotland,Angus and Dundee City,"9059010680,9059010682,9059035957,9059046492,9059046493,9059046494,9059046495,9059046496,9059046498,9059046499,9059049343,9059062457,9059082030,9059082035,9059082036,9059105526,9059105527",0.655307,,,,,S00148502,3.0,S14000075,Dundee Central,,Crichton Street,0.7961968355349107
DD1 3DA,Yes,56.461007,-2.966159,340560.0,730292.0,NO405302,,Dundee City,Maryfield,S12000042,S13002549,Scotland,S99999999,1980-01-01,,,,12.0,6.0,,Docks and Wellgate - 04,Large urban area,Scotland,10.0,,S01007710,,S02001449,Docks and Wellgate,,S00099552,2116,1,0,2024-12-20,Dundee,0.589934,DD,DD1,Scotland,Scottish Water,9C8VF26M+CG,,,Dundee,Eastern Scotland,Angus and Dundee City,"9059027243,9059027244,9059027246,9059027247,9059027248,9059027249,9059027250,9059060513,9059101939,9059101940,9059101941,9059101942,9059101943,9059101944,9059101945,9059101946,9059106744",0.738282,,,,,S00148511,4.0,S14000075,Dundee Central,,"Commercial Court,Commercial Street",0.6942952533023661
DD1 3DD,Yes,56.461165,-2.966715,340526.0,730310.0,NO405303,,Dundee City,Maryfield,S12000042,S13002549,Scotland,S99999999,1980-01-01,,,,18.0,4.0,,Docks and Wellgate - 04,Large urban area,Scotland,11.0,,S01007710,,S02001449,Docks and Wellgate,,S00099552,2116,1,0,2024-12-20,Dundee,0.588193,DD,DD1,Scotland,Scottish Water,9C8VF26M+F8,,,Dundee,Eastern Scotland,Angus and Dundee City,"9059003444,9059003446,9059003577,9059008828,9059069855,9059080949,9059080950,9059080951,9059080971,9059098946,9059099077,9059099078,9059099340,9059100573,9059103034",0.764993,,,,,S00148511,4.0,S14000075,Dundee Central,,Commercial Street,0.6942952533023661
DD1 3DE,Yes,56.460765,-2.967273,340491.0,730266.0,NO404302,,Dundee City,Maryfield,S12000042,S13002549,Scotland,S99999999,2003-06-01,,,,29.0,22.0,,City Centre - 06,Large urban area,Scotland,13.0,,S01007706,,S02001448,City Centre,,S00098453,4424,1,0,2024-12-20,Dundee,0.532956,DD,DD1,Scotland,Scottish Water,9C8VF26M+83,,,Dundee,Eastern Scotland,Angus and Dundee City,"9059012560,9059012561,9059012564,9059012567,9059012570,9059012572,9059012575,9059012577,9059012579,9059012583,9059012586,9059012588,9059012590,9059012592,9059012594,9059012597,9059012599,9059012601,9059012603,9059012605,9059012608,9059012610,9059012612,9059012619,9059081819",0.731,,,,,S00148525,7.0,S14000075,Dundee Central,,"Commercial Street,Exchange Street",0.35926839889679196
DD1 3DG,Yes,56.461357,-2.967373,340486.0,730332.0,NO404303,,Dundee City,Maryfield,S12000042,S13002549,Scotland,S99999999,1980-01-01,,,,52.0,21.0,,Docks and Wellgate - 04,Large urban area,Scotland,13.0,,S01007710,,S02001449,Docks and Wellgate,,S00099552,2116,1,0,2024-12-20,Dundee,0.589876,DD,DD1,Scotland,Scottish Water,9C8VF26M+G3,,,Dundee,Eastern Scotland,Angus and Dundee City,"9059029705,9059029708,9059035535,9059035640,9059035641,9059035642,9059035643,9059035644,9059035645,9059035646,9059035647,9059035648,9059035650,9059035651,9059035652,9059035653,9059044321,9059050511,9059055907,9059055910,9059067556,9059067557,9059067559,9059067568,9059067569,9059067570,9059067572,9059067573,9059074904,9059075016,9059080940,9059080941,9059098528,9059099502,10025423768",0.79715,,,,,S00148511,4.0,S14000075,Dundee Central,,"Commercial Court,Commercial Street",0.6942952533023661
DD1 3DJ,Yes,56.460516,-2.966991,340508.0,730238.0,NO405302,,Dundee City,Maryfield,S12000042,S13002549,Scotland,S99999999,1980-01-01,,,,28.0,17.0,,City Centre - 06,Large urban area,Scotland,11.0,,S01007706,,S02001448,City Centre,,S00098453,4424,1,0,2024-12-20,Dundee,0.516889,DD,DD1,Scotland,Scottish Water,9C8VF26M+66,,,Dundee,Eastern Scotland,Angus and Dundee City,"9059005103,9059032033,9059032034,9059034310,9059034311,9059034312,9059034313,9059034315,9059034316,9059034317,9059034467,9059053776,9059053777,9059053778,9059053779,9059053780,9059053781,9059053782,9059053783,9059065883,9059071543,9059071554,9059071838,9059071855,9059074874,9059074875,9059074925,9059074926,9059082820,9059085595,9059087027,9059087028,9059087032,9059087033",0.699072,,,,,S00148525,7.0,S14000075,Dundee Central,,Exchange Street,0.35926839889679196
DD1 3DL,Yes,56.46072,-2.967223,340494.0,730261.0,NO404302,,Dundee City,Maryfield,S12000042,S13002549,Scotland,S99999999,1980-01-01,,,,15.0,12.0,,City Centre - 06,Large urban area,Scotland,13.0,,S01007706,,S02001448,City Centre,,S00098453,4424,1,0,2024-12-20,Dundee,0.529912,DD,DD1,Scotland,Scottish Water,9C8VF26M+74,,,Dundee,Eastern Scotland,Angus and Dundee City,"9059024530,9059041354,9059050278,9059050280,9059050281,9059050282,9059050283,9059050284,9059050285,9059050286,9059050287,9059050288,9059050289,9059050291,9059050292,9059082039,9059082040,9059082041,9059082220,9059082221,9059082819,9059082821,9059082824,9059082826,9059102494,9059102495,9059102496,9059102497,9059102498,9059102499",0.725247,,,,,S00148525,7.0,S14000075,Dundee Central,,Exchange Street,0.35926839889679196
DD1 3DP,Yes,56.460401,-2.966728,340524.0,730225.0,NO405302,,Dundee City,Maryfield,S12000042,S13002549,Scotland,S99999999,1980-01-01,,,,35.0,16.0,,City Centre - 06,Large urban area,Scotland,10.0,,S01007706,,S02001448,City Centre,,S00098452,4424,1,0,2024-12-20,Dundee,0.514314,DD,DD1,Scotland,Scottish Water,9C8VF26M+58,,,Dundee,Eastern Scotland,Angus and Dundee City,"9059005185,9059030335,9059030383,9059030454,9059030460,9059037340,9059037434,9059037435,9059037436,9059037437,9059037451,9059058164,9059058165,9059058166,9059058167,9059058169,9059058170,9059058171,9059058172,9059058173,9059058174,9059058175,9059058176,9059058177,9059058178,9059058180,9059076646,9059082196,9059082198,9059082199,9059082200,9059093473,9059098155,9059103999,9059106128,9059107166,9059107167,10091905999",0.682055,,,,,S00148534,7.0,S14000075,Dundee Central,,"Castle Street,Dock Street,South Castle Street,Thomson Avenue",0.35926839889679196
DD1 3DR,Yes,56.46072,-2.966136,340561.0,730260.0,NO405302,,Dundee City,Maryfield,S12000042,S13002549,Scotland,S99999999,1980-01-01,,,,28.0,17.0,,City Centre - 06,Large urban area,Scotland,10.0,,S01007706,,S02001448,City Centre,,S00098453,4424,1,0,2024-12-20,Dundee,0.563822,DD,DD1,Scotland,Scottish Water,9C8VF26M+7G,,,Dundee,Eastern Scotland,Angus and Dundee City,"9059029614,9059029630,9059035052,9059035091,9059035092,9059035093,9059035094,9059035095,9059035096,9059035097,9059035098,9059035099,9059035100,9059035102,9059035103,9059035104,9059035192,9059082534,9059085849,9059091202,9059091580,9059091581,9059092023,9059094224,9059095071,9059098156,9059099376,9059100985,9059100986,9059100987,9059100988,9059100989,9059100990,9059101634,9059101635,9059101636,9059101637,9059101664,9059104001,9059104003,9059104097,10015473932",0.706649,,,,,S00148525,7.0,S14000075,Dundee Central,,"A92,A929,Commercial Street,Dock Street,Gellatly Street,South Commercial Street",0.35926839889679196
DD1 3DU,Yes,56.46164,-2.964536,340661.0,730361.0,NO406303,,Dundee City,Maryfield,S12000042,S13002549,Scotland,S99999999,1980-01-01,,,,13.0,5.0,,Docks and Wellgate - 04,Large urban area,Scotland,8.0,,S01007710,,S02001449,Docks and Wellgate,,S00099552,2116,1,0,2024-12-20,Dundee,0.703752,DD,DD1,Scotland,Scottish Water,9C8VF26P+M5,,,Dundee,Eastern Scotland,Angus and Dundee City,"9059007009,9059016183,9059016264,9059016265,9059016266,9059016267,9059016268,9059024336,9059032082,9059068063,9059081511,9059082206,9059085736,9059085737,9059094740,9059094741,9059094742,9059094743,9059094905,9059096725,9059096726,9059097434,9059098497,9059100179,9059101909,9059101910,9059101911,9059101912,9059101913,9059101914,9059101915,9059101916,9059101917,9059101918,9059101919,9059101920,9059101921,9059101922,9059101923,9059102362,9059104785",0.779414,,,,,S00148511,4.0,S14000075,Dundee Central,,"Calcutta Lane,Camperdown Street,Candle Lane,Dock Street,West Victoria Dock Road",0.6942952533023661
DD1 3DZ,Yes,56.461996,-2.967272,340493.0,730403.0,NO404304,,Dundee City,Maryfield,S12000042,S13002549,Scotland,S99999999,1980-01-01,,,,26.0,15.0,,Docks and Wellgate - 04,Large urban area,Scotland,12.0,,S01007710,,S02001449,Docks and Wellgate,,S00099552,2116,1,0,2024-12-20,Dundee,0.657852,DD,DD1,Scotland,Scottish Water,9C8VF26M+Q3,,,Dundee,Eastern Scotland,Angus and Dundee City,"9059015217,9059015218,9059015630,9059025496,9059051925,9059051926,9059051927,9059051929,9059051931,9059051932,9059059994,9059085054,9059085848,9059088178,9059088179,9059088180,9059088181,9059092022,9059101083,9059101084,9059101213,9059101823,9059101824,9059101825,9059101826,9059101828,9059101829,9059101830,9059101831,9059102339,9059102340,9059102341,9059102342,9059102798,9059104762,9059104763",0.864976,,,,,S00148511,4.0,S14000075,Dundee Central,,Gellatly Street,0.6942952533023661
DD1 3EJ,Yes,56.461044,-2.967248,340493.0,730297.0,NO404302,,Dundee City,Maryfield,S12000042,S13002549,Scotland,S99999999,1980-01-01,,,,7.0,3.0,,City Centre - 06,Large urban area,Scotland,13.0,,S01007706,,S02001448,City Centre,,S00098453,4424,1,0,2024-12-20,Dundee,0.561433,DD,DD1,Scotland,Scottish Water,9C8VF26M+C4,,,Dundee,Eastern Scotland,Angus and Dundee City,"9059021872,9059027207,9059027208,9059027209,9059028594,9059042718,9059048288,9059067983,9059067984,9059068047,9059068048,9059068049,9059068050,9059068051,9059070540,9059070542,9059080943,9059080944,9059080945,9059080952,9059080954,9059080955,9059080956,9059081841,9059081842,9059090732,9059094246,9059094247,9059094248,9059098752,9059099848,9059100566,9059103648,9059104614,9059104615,9059104616,9059104885,9059104886,9059105194,9059106754,9059106755,9059106756,9059106757,9059106758,9059106759,9059106760,9059106761,9059106762,9059106763,9059106764,9059106852,9059106853,9059107402,9059107403,9059107404,9059107405,9059107406,9059107407,9059107962,9059111380,9059111381,9059111382,9059111383,9059111384,9059111385,9059111386,9059111387,9059113095,9059113096,10091770564",0.760942,,,,,S00148525,7.0,S14000075,Dundee Central,,Commercial Street,0.35926839889679196
DD1 3EN,Yes,56.462317,-2.966371,340549.0,730438.0,NO405304,,Dundee City,Maryfield,S12000042,S13002549,Scotland,S99999999,1980-01-01,,,,157.0,73.0,,Docks and Wellgate - 04,Large urban area,Scotland,9.0,,S01007710,,S02001449,Docks and Wellgate,,S00099551,2116,1,0,2024-12-20,Dundee,0.71237,DD,DD1,Scotland,Scottish Water,9C8VF26M+WF,,,Dundee,Eastern Scotland,Angus and Dundee City,"9059002036,9059002037,9059002038,9059002040,9059002041,9059002042,9059002043,9059002044,9059002045,9059002046,9059004495,9059004496,9059004498,9059004499,9059004500,9059004501,9059004502,9059004503,9059004504,9059004505,9059004506,9059004507,9059004509,9059004510,9059004511,9059004512,9059004513,9059004514,9059018969,9059018970,9059018976,9059018979,9059018984,9059018987,9059018990,9059018993,9059018996,9059018997,9059018998,9059018999,9059019000,9059019001,9059019004,9059019007,9059019010,9059019011,9059019012,9059019013,9059019014,9059019016,9059019017,9059023681,9059023682,9059023683,9059023686,9059023687,9059023688,9059023689,9059023690,9059023691,9059023692,9059023693,9059023694,9059023695,9059023697,9059023698,9059023699,9059023700,9059023701,9059023702,9059023703,9059034318,9059037870,9059037871,9059037872,9059037873,9059037874,9059037875,9059037876,9059037877,9059037878,9059037879,9059037880,9059078316,9059081510,9059090586,9059098177",0.884501,,,,,S00148497,4.0,S14000075,Dundee Central,,"Allan Lane,Candle Lane",0.6942952533023661
DD1 3ET,Yes,56.462579,-2.965112,340627.0,730466.0,NO406304,,Dundee City,Maryfield,S12000042,S13002549,Scotland,S99999999,1980-01-01,,,,48.0,25.0,,Docks and Wellgate - 04,Large urban area,Scotland,8.0,,S01007710,,S02001449,Docks and Wellgate,,S00099550,2116,1,0,2024-12-20,Dundee,0.77323,DD,DD1,Scotland,Scottish Water,9C8VF27M+2X,,,Dundee,Eastern Scotland,Angus and Dundee City,"9059064144,9059067632,9059076129,9059080003,9059093865,9059099809,9059099810,9059099811,9059099812,9059099813,9059099814,9059099815,9059099816,9059099817,9059099818,9059099819,9059099820,9059099821,9059099822,9059099823,9059099824,9059099825,9059099826,9059099827,9059099828,9059099829,9059099830,9059099831,9059099832,9059099833,9059099834,9059099835,9059099836,9059099837,9059099838,9059099839,9059099840,9059099841,9059099842,9059099843,9059099844,9059103249,9059106586,9059106674,9059107889,9059107890,9059107891,9059107892,9059107893,9059107894,9059107895,9059107896,9059107897,9059107898,9059107899,9059107900,9059107901,9059107902,9059107903,9059107904,9059107905,9059107906,9059107907,9059107908,9059107909,9059107910,9059107911,9059107912,9059107913,9059107914,9059107915,9059107916",0.891478,,,,,S00148394,4.0,S14000075,Dundee Central,,"Seagate,Trades Lane",0.6942952533023661
DD1 3EU,Yes,56.462307,-2.965349,340612.0,730436.0,NO406304,,Dundee City,Maryfield,S12000042,S13002549,Scotland,S99999999,2002-11-01,,,,34.0,21.0,,Docks and Wellgate - 04,Large urban area,Scotland,8.0,,S01007710,,S02001449,Docks and Wellgate,,S00099550,2116,1,0,2024-12-20,Dundee,0.739741,DD,DD1,Scotland,Scottish Water,9C8VF26M+WV,,,Dundee,Eastern Scotland,Angus and Dundee City,"9059030680,9059030681,9059030682,9059060073,9059060074,9059060075,9059060077,9059060078,9059060079,9059060080,9059060081,9059060082,9059060083,9059060084,9059060085,9059060086,9059060088,9059060089,9059060090,9059060091,9059060092,9059060093,10025423672",0.865926,,,,,S00148487,4.0,S14000075,Dundee Central,,Allan Lane,0.6942952533023661
DD1 3EW,Yes,56.462563,-2.965907,340578.0,730465.0,NO405304,,Dundee City,Maryfield,S12000042,S13002549,Scotland,S99999999,1980-01-01,,,,63.0,40.0,,Docks and Wellgate - 04,Large urban area,Scotland,9.0,,S01007710,,S02001449,Docks and Wellgate,,S00099550,2116,1,0,2024-12-20,Dundee,0.749229,DD,DD1,Scotland,Scottish Water,9C8VF27M+2J,,,Dundee,Eastern Scotland,Angus and Dundee City,"9059016363,9059016364,9059016365,9059016367,9059016368,9059016369,9059016370,9059016371,9059016372,9059016373,9059024533,9059044256,9059044257,9059044259,9059044260,9059044261,9059044262,9059044263,9059044264,9059044265,9059044266,9059044267,9059044268,9059044270,9059044271,9059044272,9059044274,9059044275,9059044276,9059044277,9059044278,9059044279,9059044281,9059044282,9059044283,9059044284,9059044285,9059044286,9059044287,9059044288,9059045790,9059058994,9059059002,9059059012,9059076130,9059076131,9059076132,9059076134,9059076135,9059080002,9059093866,9059103506,9059107096",0.903339,,,,,S00148487,4.0,S14000075,Dundee Central,,Trades Lane,0.6942952533023661
DD1 4AA,Yes,56.459267,-2.970322,340301.0,730102.0,NO403301,,Dundee City,Maryfield,S12000042,S13002549,Scotland,S99999999,1980-01-01,,,,29.0,8.0,,City Centre - 06,Large urban area,Scotland,16.0,,S01007706,,S02001448,City Centre,,S00098463,4424,1,0,2024-12-20,Dundee,0.313408,DD,DD1,Scotland,Scottish Water,9C8VF25H+PV,,,Dundee,Eastern Scotland,Angus and Dundee City,"9059033500,9059033579,9059075666,9059075669,9059075699,9059079919,9059079922,9059079923,9059079924,9059080690,9059080692,9059080693,9059080694,9059080695,9059080696,9059080975,9059080976,9059080978,9059087918,9059087919,9059088045,9059095135,9059095136,9059095137,9059095138,9059095139,9059095140,9059095141,9059095142,9059095286,9059099288,9059099289,9059100308,9059107968,10025279468",0.620113,,,,,S00148565,7.0,S14000075,Dundee Central,,"Nethergate,South Marketgait,Whitehall Street",0.35926839889679196
DD1 4AF,Yes,56.459618,-2.97025,340306.0,730141.0,NO403301,,Dundee City,Maryfield,S12000042,S13002549,Scotland,S99999999,1980-01-01,,,,28.0,14.0,,City Centre - 06,Large urban area,Scotland,17.0,,S01007706,,S02001448,City Centre,,S00098463,4424,1,0,2024-12-20,Dundee,0.352596,DD,DD1,Scotland,Scottish Water,9C8VF25H+RW,,,Dundee,Eastern Scotland,Angus and Dundee City,"9059005420,9059020338,9059020427,9059020463,9059025424,9059025426,9059031335,9059045982,9059045997,9059049561,9059056803,9059069708,9059075160,9059075161,9059075668,9059075670,9059075671,9059075672,9059075673,9059075674,9059075676,9059075677,9059075678,9059075680,9059075681,9059075682,9059075683,9059075685,9059075686,9059075687,9059075688,9059075689,9059075690,9059075691,9059075692,9059075693,9059075695,9059075696,9059075697,9059075698,9059079921,9059090676,9059090677,9059090722,9059098639,9059098640,9059099876,9059099877,9059102739,9059102740,9059102789,9059102839,9059105015,9059105016,9059106352,9059106587,9059106588,9059107174,9059107175",0.657087,,,,,S00148565,7.0,S14000075,Dundee Central,,Whitehall Street,0.35926839889679196
DD1 4AG,Yes,56.4593,-2.97079,340272.0,730106.0,NO402301,,Dundee City,Maryfield,S12000042,S13002549,Scotland,S99999999,2009-09-01,,,,57.0,28.0,,City Centre - 06,Large urban area,Scotland,18.0,,S01007706,,S02001448,City Centre,,S00098463,4424,1,0,2024-12-20,Dundee,0.313388,DD,DD1,Scotland,Scottish Water,9C8VF25H+PM,,,Dundee,Eastern Scotland,Angus and Dundee City,"9059100944,9059100945,9059100946,9059100947,9059100948,9059100949,9059100950,9059100951,9059100952,9059100953,9059100954,9059100955,9059100956,9059100957,9059100958,9059100959,9059100960,9059100961,9059100962,9059100963,9059100964,9059100965,9059100966,9059100967,9059100968,9059100969,9059100970,9059100971,9059100972",0.631712,,,,,S00148565,7.0,S14000075,Dundee Central,,Couttie's Wynd,0.35926839889679196
DD1 4AR,Yes,56.459125,-2.970168,340310.0,730086.0,NO403300,,Dundee City,Maryfield,S12000042,S13002549,Scotland,S99999999,1980-01-01,,,,31.0,17.0,,City Centre - 06,Large urban area,Scotland,15.0,,S01007706,,S02001448,City Centre,,S00098463,4424,1,0,2024-12-20,Dundee,0.299745,DD,DD1,Scotland,Scottish Water,9C8VF25H+MW,,,Dundee,Eastern Scotland,Angus and Dundee City,"9059013975,9059039524,9059059820,9059059845,9059069789,9059075700,9059075701,9059075702,9059075703,9059075704,9059075707,9059075711,9059075712,9059098644,9059098645,9059098646,9059098647,9059098648,9059098649,9059098650,9059098651,9059098652,9059098653,9059098654,9059098655,9059098656,9059098657,9059098658,9059098659,9059107091,9059107092,9059107969",0.602021,,,,,S00148565,7.0,S14000075,Dundee Central,,"Crichton Street,Whitehall Crescent",0.35926839889679196
DD1 4AU,Yes,56.459259,-2.969166,340372.0,730100.0,NO403301,,Dundee City,Maryfield,S12000042,S13002549,Scotland,S99999999,1980-01-01,,,,63.0,34.0,,City Centre - 06,Large urban area,Scotland,14.0,,S01007706,,S02001448,City Centre,,S00098464,4424,1,0,2024-12-20,Dundee,0.332281,DD,DD1,Scotland,Scottish Water,9C8VF25J+P8,,,Dundee,Eastern Scotland,Angus and Dundee City,"9059000001,9059005740,9059006645,9059011509,9059011510,9059016631,9059016632,9059016650,9059016651,9059016652,9059016653,9059016654,9059016655,9059016656,9059016657,9059016712,9059021385,9059021386,9059026634,9059075706,9059075713,9059075714,9059075715,9059075716,9059075717,9059075718,9059075719,9059075722,9059075723,9059075724,9059075725,9059075727,9059075728,9059075729,9059075730,9059075731,9059075733,9059075734,9059075735,9059075736,9059075737,9059075738,9059075743,9059079587,9059082636,9059097364,9059100696,9059100697,9059100698,9059100699,9059103997",0.599463,,,,,S00148576,7.0,S14000075,Dundee Central,,"Castle Street,Crichton Street,Dock Street,South Crichton Street,South Marketgait,Whitehall Crescent",0.35926839889679196
DD1 4BE,Yes,56.459005,-2.970603,340283.0,730073.0,NO402300,,Dundee City,Maryfield,S12000042,S13002549,Scotland,S99999999,1980-01-01,,,,53.0,17.0,,City Centre - 06,Large urban area,Scotland,15.0,,S01007706,,S02001448,City Centre,,S00099572,4424,1,0,2024-12-20,Dundee,0.282003,DD,DD1,Scotland,Scottish Water,9C8VF25H+JQ,,,Dundee,Eastern Scotland,Angus and Dundee City,"9059005849,9059005851,9059005852,9059030022,9059030568,9059043338,9059051708,9059051710,9059075949,9059075950,9059075951,9059075952,9059075954,9059075956,9059075957,9059075958,9059075959,9059075966,9059075967,9059075968,9059075969,9059075970,9059075971,9059075972,9059075973,9059075980,9059075981,9059075982,9059075983,9059075984,9059075987,9059075988,9059080377,9059080378,9059082254,9059082275,9059083835,9059083836,9059099573,9059101924,9059107967",0.596402,,,,,S00148578,7.0,S14000075,Dundee Central,,Union Street,0.35926839889679196
DD1 4BH,Yes,56.45927,-2.97113,340251.0,730103.0,NO402301,,Dundee City,Maryfield,S12000042,S13002549,Scotland,S99999999,1980-01-01,,,,39.0,17.0,,City Centre - 06,Large urban area,Scotland,17.0,,S01007706,,S02001448,City Centre,,S00099571,4424,1,0,2024-12-20,Dundee,0.30905,DD,DD1,Scotland,Scottish Water,9C8VF25H+PG,,,Dundee,Eastern Scotland,Angus and Dundee City,"9059007021,9059007022,9059007023,9059007025,9059007026,9059007058,9059007059,9059047652,9059047654,9059047715,9059048879,9059075937,9059075938,9059075939,9059075940,9059075941,9059075942,9059075943,9059075944,9059075945,9059075947,9059075948,9059080382,9059094292,9059100901,9059100902",0.634264,,,,,S00148570,7.0,S14000075,Dundee Central,,Union Street,0.35926839889679196
DD1 4BN,Yes,56.459016,-2.971403,340234.0,730075.0,NO402300,,Dundee City,Maryfield,S12000042,S13002549,Scotland,S99999999,1980-01-01,,,,70.0,37.0,,City Centre - 06,Large urban area,Scotland,15.0,,S01007706,,S02001448,City Centre,,S00099571,4424,1,0,2024-12-20,Dundee,0.281055,DD,DD1,Scotland,Scottish Water,9C8VF25H+JC,,,Dundee,Eastern Scotland,Angus and Dundee City,"9059026714,9059026715,9059026716,9059026717,9059026718,9059035234,9059037390,9059042093,9059042094,9059042095,9059042098,9059042099,9059042100,9059042101,9059042102,9059042103,9059042104,9059042105,9059042106,9059042107,9059042109,9059042110,9059042111,9059042112,9059042113,9059042114,9059067763,9059079887,9059080380,9059080381,9059080383,9059083167,9059083177,9059083187,9059083191,9059083201,9059083212,9059083223,9059083234,9059083254,9059083264,9059083275,9059083286,9059083294,9059083306,9059089478,9059089479,9059089480,9059089481,9059089482,9059089483,9059090723,10025423794",0.611287,,,,,S00148570,7.0,S14000075,Dundee Central,,Union Street,0.35926839889679196
DD1 4BS,Yes,56.458787,-2.97089,340265.0,730049.0,NO402300,,Dundee City,Maryfield,S12000042,S13002549,Scotland,S99999999,1980-01-01,,,,36.0,14.0,,City Centre - 06,Large urban area,Scotland,13.0,,S01007706,,S02001448,City Centre,,S00099572,4424,1,0,2024-12-20,Dundee,0.256077,DD,DD1,Scotland,Scottish Water,9C8VF25H+GJ,,,Dundee,Eastern Scotland,Angus and Dundee City,"9059011170,9059033899,9059043176,9059043457,9059043542,9059063459,9059063460,9059070410,9059070411,9059075953,9059075960,9059075961,9059075962,9059075963,9059075964,9059075975,9059075976,9059075977,9059075978,9059075979,9059075989,9059075990,9059075991,9059075992,9059098012,9059098722,9059099526",0.577583,,,,,S00148578,7.0,S14000075,Dundee Central,,"Union Street,Yeaman Shore",0.35926839889679196
DD1 4BT,Yes,56.459089,-2.96908,340377.0,730081.0,NO403300,,Dundee City,Maryfield,S12000042,S13002549,Scotland,S99999999,1980-01-01,,,,23.0,10.0,,City Centre - 06,Large urban area,Scotland,14.0,,S01007706,,S02001448,City Centre,,S00098464,4424,1,0,2024-12-20,Dundee,0.317,DD,DD1,Scotland,Scottish Water,9C8VF25J+J9,,,Dundee,Eastern Scotland,Angus and Dundee City,"9059004910,9059004911,9059004912,9059004913,9059004914,9059004915,9059004916,9059004917,9059004918,9059004920,9059050370,9059057260,9059065143,9059106100,9059106101",0.579487,,,,,S00148576,7.0,S14000075,Dundee Central,,Dock Street,0.35926839889679196
DD1 4DH,Yes,56.457956,-2.974828,340021.0,729960.0,NO400299,,Dundee City,West End,S12000042,S13002547,Scotland,S99999999,1980-01-01,,,,62.0,19.0,,City Centre - 06,Large urban area,Scotland,16.0,,S01007706,,S02001448,City Centre,,S00098439,4424,1,0,2024-12-20,Dundee,0.275781,DD,DD1,Scotland,Scottish Water,9C8VF25G+53,,,Dundee,Eastern Scotland,Angus and Dundee City,"9059000843,9059000844,9059000847,9059001965,9059001966,9059004374,9059004375,9059033052,9059033055,9059059004,9059063886,9059063887,9059063888,9059063889,9059063890,9059063892,9059063893,9059063894,9059063895,9059063896,9059063897,9059063898,9059063899,9059063900,9059063903,9059063904,9059063905,9059063914,9059087881",0.554508,,,,,S00148554,7.0,S14000075,Dundee Central,,Nethergate,0.35926839889679196
DD1 4DP,Yes,56.457344,-2.976127,339940.0,729893.0,NO399298,,Dundee City,West End,S12000042,S13002547,Scotland,S99999999,1980-01-01,,,,21.0,10.0,,Perth Road - 03,Large urban area,Scotland,18.0,,S01007691,,S02001446,Perth Road,,S00099566,3886,1,0,2024-12-20,Dundee,0.316792,DD,DD1,Scotland,Scottish Water,9C8VF24F+WG,,,Dundee,Eastern Scotland,Angus and Dundee City,"9059005293,9059005299,9059005300,9059005301,9059005307,9059005308,9059052080,9059052081,9059052083,9059052084,9059052085,9059052087,9059052088,9059052089,9059052090,9059052091,9059052093,9059052094,9059052095,9059061568,9059087884,9059087885,9059088030,9059088037,9059093015,9059103281",0.510118,,,,,S00148587,6.0,S14000075,Dundee Central,,Nethergate,0.4373639134852664
DD1 4DW,Yes,56.457528,-2.975661,339969.0,729913.0,NO399299,,Dundee City,West End,S12000042,S13002547,Scotland,S99999999,1980-01-01,,,,21.0,7.0,,Perth Road - 03,Large urban area,Scotland,17.0,,S01007691,,S02001446,Perth Road,,S00099566,3886,1,0,2024-12-20,Dundee,0.296958,DD,DD1,Scotland,Scottish Water,9C8VF25F+2P,,,Dundee,Eastern Scotland,Angus and Dundee City,"9059005303,9059037808,9059038572,9059038617,9059038618,9059038619,9059038620,9059043408,9059048383,9059068963,9059068964,9059077713,9059087883,9059088987,9059088988,9059093700,9059093701,9059101150,9059101151,9059101152,9059101153,9059101154,10015439403",0.522173,,,,,S00148587,6.0,S14000075,Dundee Central,,"Nethergate,South Tay Street,Tay Square",0.4373639134852664
DD1 4EA,Yes,56.457743,-2.974486,340042.0,729936.0,NO400299,,Dundee City,West End,S12000042,S13002547,Scotland,S99999999,1980-01-01,,,,20.0,4.0,,City Centre - 06,Large urban area,Scotland,14.0,,S01007706,,S02001448,City Centre,,S00098439,4424,1,0,2024-12-20,Dundee,0.244944,DD,DD1,Scotland,Scottish Water,9C8VF25G+36,,,Dundee,Eastern Scotland,Angus and Dundee City,"9059012195,9059022618,9059022629,9059022640,9059050374,9059071955,9059071976,9059085042,9059085327,9059088986,9059092168,9059092172,9059103171,9059104756,9059107383",0.525472,,,,,S00148554,7.0,S14000075,Dundee Central,,"Greenmarket,Nethergate",0.35926839889679196
DD1 4ED,Yes,56.45798,-2.974066,340068.0,729962.0,NO400299,,Dundee City,West End,S12000042,S13002547,Scotland,S99999999,1980-01-01,,,,5.0,3.0,,City Centre - 06,Large urban area,Scotland,13.0,,S01007706,,S02001448,City Centre,,S00098439,4424,1,0,2024-12-20,Dundee,0.241464,DD,DD1,Scotland,Scottish Water,9C8VF25G+59,,,Dundee,Eastern Scotland,Angus and Dundee City,"9059004729,9059004901,9059004902,9059005215,9059005216,9059016112,9059050829,9059050840,9059050851,9059050861,9059050871,9059050882,9059050893,9059051000,9059087872,9059087873,9059100464,9059102891,9059102892",0.544083,,,,,S00148554,7.0,S14000075,Dundee Central,,Nethergate,0.35926839889679196
DD1 4EL,Yes,56.45873,-2.972463,340168.0,730044.0,NO401300,,Dundee City,Maryfield,S12000042,S13002549,Scotland,S99999999,1980-01-01,,,,21.0,7.0,,City Centre - 06,Large urban area,Scotland,14.0,,S01007706,,S02001448,City Centre,,S00099572,4424,1,0,2024-12-20,Dundee,0.260715,DD,DD1,Scotland,Scottish Water,9C8VF25H+F2,,,Dundee,Eastern Scotland,Angus and Dundee City,"9059011635,9059018750,9059023311,9059023312,9059023401,9059023411,9059031968,9059032083,9059038361,9059043961,9059048149,9059048777,9059048778,9059048779,9059085203,9059087893,9059087894,9059087895,9059088036,9059088989,9059088990,9059095288,9059095687,9059100267,9059103975,9059103976,9059103977,9059103978,9059105276,9059105277,9059105853,10024855994,10025423792",0.598293,,,,,S00148578,7.0,S14000075,Dundee Central,,"Nethergate,South Marketgait",0.35926839889679196
DD1 4EN,Yes,56.458988,-2.971625,340220.0,730072.0,NO402300,,Dundee City,Maryfield,S12000042,S13002549,Scotland,S99999999,1998-06-01,,,,27.0,20.0,,City Centre - 06,Large urban area,Scotland,15.0,,S01007706,,S02001448,City Centre,,S00099572,4424,1,0,2024-12-20,Dundee,0.278875,DD,DD1,Scotland,Scottish Water,9C8VF25H+H9,,,Dundee,Eastern Scotland,Angus and Dundee City,"9059026674,9059026675,9059026676,9059054880,9059054882,9059054883,9059054884,9059054885,9059054886,9059054887,9059054888,9059054891,9059054892,9059054893,9059054894,9059054895,9059054896,9059054897,9059054898,9059054899,9059054900",0.612038,,,,,S00148578,7.0,S14000075,Dundee Central,,Nethergate,0.35926839889679196
DD1 4ER,Yes,56.459074,-2.972021,340196.0,730082.0,NO401300,,Dundee City,Maryfield,S12000042,S13002549,Scotland,S99999999,1980-01-01,,,,15.0,6.0,,City Centre - 06,Large urban area,Scotland,15.0,,S01007706,,S02001448,City Centre,,S00099572,4424,1,0,2024-12-20,Dundee,0.291573,DD,DD1,Scotland,Scottish Water,9C8VF25H+J5,,,Dundee,Eastern Scotland,Angus and Dundee City,"9059002614,9059002615,9059002616,9059002617,9059002618,9059002747,9059002748,9059003645,9059007258,9059008426,9059008427,9059008428,9059008433,9059020247,9059081906,9059084919,9059087686,9059087687,9059087875,9059087876,9059087877,9059087887,9059087888,9059087889,9059087890,9059087891,9059087892,9059087898,9059087900,9059087901,9059087902,9059087903,9059088028,9059088032,9059088035,9059088041,9059094039,9059099283,9059099572,9059102380,9059102381,9059102632,9059104090,9059105462",0.628174,,,,,S00148578,7.0,S14000075,Dundee Central,,"Nethergate,Yeaman Shore",0.35926839889679196
DD1 4HA,Yes,56.459267,-2.978448,339800.0,730109.0,NO397301,,Dundee City,West End,S12000042,S13002547,Scotland,S99999999,1980-01-01,,,,7.0,3.0,,Perth Road - 03,Large urban area,Scotland,23.0,,S01007691,,S02001446,Perth Road,,S00099567,3886,1,0,2024-12-20,Dundee,0.541345,DD,DD1,Scotland,Scottish Water,9C8VF25C+PJ,,,Dundee,Eastern Scotland,Angus and Dundee City,"9059049422,9059049423,9059049424,9059049429,9059076166,9059076167,9059076169,9059076170,9059076171,9059076172,9059088717,9059105014,10025423795",0.759147,,,,,S00148569,6.0,S14000075,Dundee Central,,"Park Place,Riverside Drive,Temple Lane",0.4373639134852664
DD1 5EP,Yes,56.459333,-2.977979,339829.0,730116.0,NO398301,,Dundee City,West End,S12000042,S13002547,Scotland,S99999999,1980-01-01,,,,18.0,12.0,,Perth Road - 03,Large urban area,Scotland,21.0,,S01007691,,S02001446,Perth Road,,S00099507,3886,1,0,2024-12-20,Dundee,0.522353,DD,DD1,Scotland,Scottish Water,9C8VF25C+PR,,,Dundee,Eastern Scotland,Angus and Dundee City,"9059028063,9059028064,9059028065,9059028066,9059028067,9059028068,9059028069,9059028070,9059028071,9059028073,9059028074,9059028075,9059028076,9059028077,9059028425,9059054354,9059054355,9059054356,9059069462,9059069469,9059069470,9059079612,9059096530,10015301654",0.758306,,,,,S00148532,6.0,S14000075,Dundee Central,,"South Tay Street,West Port",0.4373639134852664
DD1 5EQ,Yes,56.459312,-2.978417,339802.0,730114.0,NO398301,,Dundee City,West End,S12000042,S13002547,Scotland,S99999999,1996-12-01,,,,7.0,4.0,,Perth Road - 03,Large urban area,Scotland,23.0,,S01007691,,S02001446,Perth Road,,S00099567,3886,1,0,2024-12-20,Dundee,0.542658,DD,DD1,Scotland,Scottish Water,9C8VF25C+PJ,,,Dundee,Eastern Scotland,Angus and Dundee City,"9059053338,9059053339,9059053340,9059053529",0.763514,,,,,S00148569,6.0,S14000075,Dundee Central,,West Port,0.4373639134852664
